User_ID,Page_View,CTA_Click,Signup,First_Data_Connection,First_Dashboard_Created,Features_Engagement,Paid_Conversion,Timestamp,ID_Date
1,1,0,0,0,0,0,0,2025-01-03 10:16:45,20250103
2,0,1,0,0,0,0,0,2025-01-24 18:38:21,20250124
3,1,0,0,0,0,0,0,2025-03-13 12:06:08,20250313
4,1,0,0,0,0,0,0,2025-03-13 21:52:51,20250313
5,0,0,1,0,0,0,0,2025-01-09 10:34:55,20250109
6,1,0,0,0,0,0,0,2025-01-04 02:03:32,20250104
7,1,0,0,0,0,0,0,2025-01-22 05:27:48,20250122
8,1,0,0,0,0,0,0,2025-02-28 10:48:19,20250228
9,1,0,0,0,0,0,0,2025-01-20 07:19:31,20250120
10,0,1,0,0,0,0,0,2025-03-10 02:12:20,20250310
11,1,0,0,0,0,0,0,2025-01-22 09:39:49,20250122
12,1,0,0,0,0,0,0,2025-01-28 00:13:52,20250128
13,0,1,0,0,0,0,0,2025-01-01 15:08:35,20250101
14,0,1,0,0,0,0,0,2025-01-16 12:01:59,20250116
15,1,0,0,0,0,0,0,2025-02-03 00:50:28,20250203
16,1,0,0,0,0,0,0,2025-01-21 21:43:02,20250121
17,0,0,0,0,0,1,0,2025-02-02 16:19:19,20250202
18,1,0,0,0,0,0,0,2025-02-06 21:17:41,20250206
19,1,0,0,0,0,0,0,2025-03-24 06:48:18,20250324
20,1,0,0,0,0,0,0,2025-01-26 16:22:41,20250126
21,0,1,0,0,0,0,0,2025-03-12 20:23:53,20250312
22,1,0,0,0,0,0,0,2025-01-13 02:51:57,20250113
23,0,0,0,0,0,1,0,2025-02-06 18:02:56,20250206
24,1,0,0,0,0,0,0,2025-01-29 11:09:17,20250129
25,0,1,0,0,0,0,0,2025-03-02 01:15:19,20250302
26,0,0,1,0,0,0,0,2025-02-05 02:40:14,20250205
27,1,0,0,0,0,0,0,2025-03-10 09:46:16,20250310
28,1,0,0,0,0,0,0,2025-03-06 04:51:18,20250306
29,1,0,0,0,0,0,0,2025-01-29 02:19:22,20250129
30,0,0,0,0,0,1,0,2025-03-25 01:02:05,20250325
31,1,0,0,0,0,0,0,2025-01-10 19:21:01,20250110
32,1,0,0,0,0,0,0,2025-02-14 00:31:21,20250214
33,1,0,0,0,0,0,0,2025-02-05 10:07:14,20250205
34,1,0,0,0,0,0,0,2025-02-04 11:50:26,20250204
35,1,0,0,0,0,0,0,2025-01-26 22:06:12,20250126
36,0,1,0,0,0,0,0,2025-03-08 08:46:53,20250308
37,1,0,0,0,0,0,0,2025-03-01 03:22:41,20250301
38,1,0,0,0,0,0,0,2025-02-21 20:38:10,20250221
39,0,1,0,0,0,0,0,2025-01-16 20:45:19,20250116
40,1,0,0,0,0,0,0,2025-01-27 05:01:26,20250127
41,0,0,0,0,0,1,0,2025-03-04 03:18:27,20250304
42,1,0,0,0,0,0,0,2025-01-22 07:44:25,20250122
43,1,0,0,0,0,0,0,2025-03-23 19:59:14,20250323
44,0,1,0,0,0,0,0,2025-01-06 10:20:41,20250106
45,1,0,0,0,0,0,0,2025-01-04 02:47:56,20250104
46,0,1,0,0,0,0,0,2025-02-08 22:46:54,20250208
47,1,0,0,0,0,0,0,2025-01-21 11:37:32,20250121
48,0,0,0,1,0,0,0,2025-02-25 01:37:31,20250225
49,0,0,1,0,0,0,0,2025-01-31 13:15:09,20250131
50,1,0,0,0,0,0,0,2025-02-18 11:17:35,20250218
51,1,0,0,0,0,0,0,2025-03-30 19:03:01,20250330
52,1,0,0,0,0,0,0,2025-01-14 20:54:53,20250114
53,1,0,0,0,0,0,0,2025-01-24 22:41:01,20250124
54,0,1,0,0,0,0,0,2025-02-22 07:54:29,20250222
55,1,0,0,0,0,0,0,2025-02-26 18:11:02,20250226
56,1,0,0,0,0,0,0,2025-02-26 15:43:48,20250226
57,1,0,0,0,0,0,0,2025-01-22 07:03:15,20250122
58,0,0,0,0,0,0,1,2025-01-14 10:20:10,20250114
59,1,0,0,0,0,0,0,2025-01-09 19:50:03,20250109
60,0,1,0,0,0,0,0,2025-03-25 14:30:54,20250325
61,1,0,0,0,0,0,0,2025-03-02 22:03:18,20250302
62,1,0,0,0,0,0,0,2025-03-08 01:38:10,20250308
63,1,0,0,0,0,0,0,2025-01-07 04:01:49,20250107
64,1,0,0,0,0,0,0,2025-02-27 20:31:14,20250227
65,0,0,0,0,0,0,1,2025-02-21 08:55:32,20250221
66,1,0,0,0,0,0,0,2025-02-23 17:06:35,20250223
67,0,0,1,0,0,0,0,2025-01-02 02:45:09,20250102
68,1,0,0,0,0,0,0,2025-01-12 02:55:29,20250112
69,1,0,0,0,0,0,0,2025-02-22 03:13:53,20250222
70,0,1,0,0,0,0,0,2025-03-16 14:57:53,20250316
71,1,0,0,0,0,0,0,2025-01-11 19:56:07,20250111
72,1,0,0,0,0,0,0,2025-01-16 08:32:03,20250116
73,1,0,0,0,0,0,0,2025-03-12 02:35:47,20250312
74,0,0,1,0,0,0,0,2025-01-26 13:44:27,20250126
75,0,0,0,0,0,1,0,2025-03-15 23:30:02,20250315
76,1,0,0,0,0,0,0,2025-03-30 14:34:37,20250330
77,1,0,0,0,0,0,0,2025-03-02 17:03:18,20250302
78,1,0,0,0,0,0,0,2025-03-04 00:51:36,20250304
79,1,0,0,0,0,0,0,2025-01-20 07:29:47,20250120
80,1,0,0,0,0,0,0,2025-03-16 00:46:44,20250316
81,1,0,0,0,0,0,0,2025-03-17 14:19:52,20250317
82,0,0,0,1,0,0,0,2025-03-31 04:14:41,20250331
83,1,0,0,0,0,0,0,2025-02-01 11:20:18,20250201
84,1,0,0,0,0,0,0,2025-01-11 20:40:14,20250111
85,0,0,0,1,0,0,0,2025-03-27 07:34:13,20250327
86,0,0,0,0,0,1,0,2025-03-20 07:55:17,20250320
87,1,0,0,0,0,0,0,2025-01-06 14:58:31,20250106
88,1,0,0,0,0,0,0,2025-02-25 02:02:14,20250225
89,0,0,0,0,1,0,0,2025-01-09 07:35:13,20250109
90,0,1,0,0,0,0,0,2025-03-21 05:28:19,20250321
91,1,0,0,0,0,0,0,2025-03-15 20:19:53,20250315
92,1,0,0,0,0,0,0,2025-01-13 05:02:35,20250113
93,1,0,0,0,0,0,0,2025-02-16 03:29:17,20250216
94,0,0,0,0,1,0,0,2025-01-17 00:46:25,20250117
95,1,0,0,0,0,0,0,2025-03-26 16:54:58,20250326
96,1,0,0,0,0,0,0,2025-01-21 13:31:32,20250121
97,0,0,0,1,0,0,0,2025-03-15 07:53:43,20250315
98,0,1,0,0,0,0,0,2025-01-20 12:42:57,20250120
99,0,1,0,0,0,0,0,2025-02-08 17:43:09,20250208
100,0,0,0,0,0,0,1,2025-03-05 02:19:32,20250305
101,1,0,0,0,0,0,0,2025-03-29 08:15:09,20250329
102,1,0,0,0,0,0,0,2025-01-12 17:57:36,20250112
103,1,0,0,0,0,0,0,2025-01-07 05:11:28,20250107
104,1,0,0,0,0,0,0,2025-02-27 02:51:31,20250227
105,1,0,0,0,0,0,0,2025-02-27 03:09:53,20250227
106,1,0,0,0,0,0,0,2025-01-07 21:25:33,20250107
107,0,1,0,0,0,0,0,2025-01-06 17:11:08,20250106
108,1,0,0,0,0,0,0,2025-03-29 21:46:53,20250329
109,1,0,0,0,0,0,0,2025-02-02 01:57:15,20250202
110,1,0,0,0,0,0,0,2025-01-24 02:35:27,20250124
111,1,0,0,0,0,0,0,2025-02-17 03:05:51,20250217
112,1,0,0,0,0,0,0,2025-01-13 20:18:32,20250113
113,0,1,0,0,0,0,0,2025-03-27 16:06:05,20250327
114,1,0,0,0,0,0,0,2025-02-15 21:24:11,20250215
115,1,0,0,0,0,0,0,2025-02-15 22:06:24,20250215
116,0,1,0,0,0,0,0,2025-01-19 11:41:14,20250119
117,1,0,0,0,0,0,0,2025-03-05 23:32:27,20250305
118,1,0,0,0,0,0,0,2025-02-11 03:00:35,20250211
119,1,0,0,0,0,0,0,2025-03-25 20:53:07,20250325
120,0,1,0,0,0,0,0,2025-03-07 09:03:11,20250307
121,1,0,0,0,0,0,0,2025-03-04 17:42:28,20250304
122,1,0,0,0,0,0,0,2025-02-09 02:10:32,20250209
123,0,1,0,0,0,0,0,2025-03-19 17:30:56,20250319
124,0,0,1,0,0,0,0,2025-01-25 03:24:40,20250125
125,1,0,0,0,0,0,0,2025-02-22 01:38:10,20250222
126,1,0,0,0,0,0,0,2025-02-10 23:03:19,20250210
127,1,0,0,0,0,0,0,2025-02-14 22:00:05,20250214
128,1,0,0,0,0,0,0,2025-03-31 15:21:53,20250331
129,1,0,0,0,0,0,0,2025-03-20 10:49:41,20250320
130,0,0,1,0,0,0,0,2025-02-23 10:21:03,20250223
131,1,0,0,0,0,0,0,2025-03-05 07:36:27,20250305
132,0,0,0,0,0,0,1,2025-03-23 04:05:07,20250323
133,1,0,0,0,0,0,0,2025-01-10 01:19:04,20250110
134,0,0,0,1,0,0,0,2025-03-24 09:36:15,20250324
135,1,0,0,0,0,0,0,2025-02-09 11:00:48,20250209
136,1,0,0,0,0,0,0,2025-01-21 18:04:02,20250121
137,0,0,1,0,0,0,0,2025-03-29 14:50:39,20250329
138,1,0,0,0,0,0,0,2025-02-06 19:04:16,20250206
139,1,0,0,0,0,0,0,2025-02-07 21:44:55,20250207
140,1,0,0,0,0,0,0,2025-03-18 03:01:00,20250318
141,0,1,0,0,0,0,0,2025-01-28 16:40:43,20250128
142,1,0,0,0,0,0,0,2025-03-12 22:12:02,20250312
143,0,0,0,0,0,0,1,2025-02-23 23:02:02,20250223
144,1,0,0,0,0,0,0,2025-02-17 06:01:35,20250217
145,1,0,0,0,0,0,0,2025-01-29 19:22:45,20250129
146,1,0,0,0,0,0,0,2025-01-06 16:16:33,20250106
147,1,0,0,0,0,0,0,2025-02-22 15:24:23,20250222
148,1,0,0,0,0,0,0,2025-01-31 10:45:07,20250131
149,1,0,0,0,0,0,0,2025-02-26 17:13:56,20250226
150,1,0,0,0,0,0,0,2025-03-31 06:19:38,20250331
151,0,0,1,0,0,0,0,2025-01-16 06:50:41,20250116
152,1,0,0,0,0,0,0,2025-02-19 07:19:34,20250219
153,1,0,0,0,0,0,0,2025-01-19 01:00:12,20250119
154,1,0,0,0,0,0,0,2025-01-07 14:21:37,20250107
155,1,0,0,0,0,0,0,2025-01-23 20:03:53,20250123
156,1,0,0,0,0,0,0,2025-03-28 10:31:11,20250328
157,1,0,0,0,0,0,0,2025-02-26 04:58:45,20250226
158,1,0,0,0,0,0,0,2025-03-02 03:15:48,20250302
159,1,0,0,0,0,0,0,2025-03-05 19:47:25,20250305
160,1,0,0,0,0,0,0,2025-02-20 18:10:19,20250220
161,1,0,0,0,0,0,0,2025-01-26 07:37:41,20250126
162,1,0,0,0,0,0,0,2025-03-11 12:50:52,20250311
163,1,0,0,0,0,0,0,2025-01-26 18:55:36,20250126
164,1,0,0,0,0,0,0,2025-03-07 05:09:05,20250307
165,1,0,0,0,0,0,0,2025-02-14 09:24:37,20250214
166,1,0,0,0,0,0,0,2025-03-14 23:58:16,20250314
167,0,0,0,1,0,0,0,2025-01-01 21:42:23,20250101
168,1,0,0,0,0,0,0,2025-02-24 15:52:12,20250224
169,0,0,0,0,0,0,1,2025-01-08 02:42:35,20250108
170,1,0,0,0,0,0,0,2025-02-19 02:47:48,20250219
171,1,0,0,0,0,0,0,2025-02-03 21:14:58,20250203
172,0,0,1,0,0,0,0,2025-03-27 08:50:53,20250327
173,1,0,0,0,0,0,0,2025-01-28 16:04:07,20250128
174,1,0,0,0,0,0,0,2025-03-22 22:45:59,20250322
175,1,0,0,0,0,0,0,2025-01-30 08:54:57,20250130
176,1,0,0,0,0,0,0,2025-03-20 08:40:45,20250320
177,1,0,0,0,0,0,0,2025-01-01 18:13:44,20250101
178,1,0,0,0,0,0,0,2025-02-23 20:19:01,20250223
179,1,0,0,0,0,0,0,2025-03-06 09:48:27,20250306
180,1,0,0,0,0,0,0,2025-03-27 06:11:02,20250327
181,1,0,0,0,0,0,0,2025-01-12 04:58:05,20250112
182,0,0,1,0,0,0,0,2025-03-14 01:57:22,20250314
183,1,0,0,0,0,0,0,2025-01-27 10:37:02,20250127
184,1,0,0,0,0,0,0,2025-01-21 10:48:09,20250121
185,0,1,0,0,0,0,0,2025-01-20 18:24:58,20250120
186,1,0,0,0,0,0,0,2025-03-24 19:25:51,20250324
187,1,0,0,0,0,0,0,2025-02-17 10:21:42,20250217
188,1,0,0,0,0,0,0,2025-03-30 04:09:50,20250330
189,0,1,0,0,0,0,0,2025-01-09 23:04:15,20250109
190,1,0,0,0,0,0,0,2025-03-22 12:31:16,20250322
191,1,0,0,0,0,0,0,2025-01-01 08:15:43,20250101
192,1,0,0,0,0,0,0,2025-01-13 16:49:54,20250113
193,1,0,0,0,0,0,0,2025-01-26 10:24:00,20250126
194,1,0,0,0,0,0,0,2025-02-12 21:33:04,20250212
195,1,0,0,0,0,0,0,2025-02-11 12:34:57,20250211
196,1,0,0,0,0,0,0,2025-01-11 20:41:06,20250111
197,1,0,0,0,0,0,0,2025-03-27 17:47:13,20250327
198,1,0,0,0,0,0,0,2025-01-15 11:19:17,20250115
199,1,0,0,0,0,0,0,2025-03-23 00:44:50,20250323
200,1,0,0,0,0,0,0,2025-02-23 15:28:36,20250223
201,1,0,0,0,0,0,0,2025-01-13 08:58:10,20250113
202,1,0,0,0,0,0,0,2025-02-05 09:41:58,20250205
203,0,0,1,0,0,0,0,2025-03-19 07:05:57,20250319
204,0,0,0,0,0,1,0,2025-01-04 20:57:42,20250104
205,0,0,1,0,0,0,0,2025-01-21 09:30:49,20250121
206,1,0,0,0,0,0,0,2025-03-06 18:04:02,20250306
207,1,0,0,0,0,0,0,2025-03-17 17:48:09,20250317
208,1,0,0,0,0,0,0,2025-03-26 22:13:42,20250326
209,1,0,0,0,0,0,0,2025-03-02 06:14:46,20250302
210,0,1,0,0,0,0,0,2025-03-31 21:11:09,20250331
211,0,0,0,1,0,0,0,2025-03-25 22:40:38,20250325
212,1,0,0,0,0,0,0,2025-03-19 15:52:18,20250319
213,0,1,0,0,0,0,0,2025-03-27 13:50:55,20250327
214,1,0,0,0,0,0,0,2025-01-18 09:56:26,20250118
215,0,1,0,0,0,0,0,2025-02-02 06:02:53,20250202
216,0,1,0,0,0,0,0,2025-02-09 23:21:40,20250209
217,0,1,0,0,0,0,0,2025-03-25 21:24:54,20250325
218,0,1,0,0,0,0,0,2025-01-25 02:16:17,20250125
219,1,0,0,0,0,0,0,2025-03-18 10:42:56,20250318
220,0,1,0,0,0,0,0,2025-02-07 03:23:12,20250207
221,0,0,1,0,0,0,0,2025-03-25 08:40:02,20250325
222,1,0,0,0,0,0,0,2025-01-20 09:02:18,20250120
223,0,1,0,0,0,0,0,2025-02-14 16:35:03,20250214
224,1,0,0,0,0,0,0,2025-03-21 15:59:18,20250321
225,0,1,0,0,0,0,0,2025-01-23 02:20:09,20250123
226,1,0,0,0,0,0,0,2025-03-06 01:59:19,20250306
227,1,0,0,0,0,0,0,2025-02-01 20:54:20,20250201
228,1,0,0,0,0,0,0,2025-01-07 17:45:43,20250107
229,0,0,0,0,0,1,0,2025-01-28 02:24:30,20250128
230,1,0,0,0,0,0,0,2025-02-19 11:00:04,20250219
231,1,0,0,0,0,0,0,2025-03-23 21:52:22,20250323
232,1,0,0,0,0,0,0,2025-01-03 16:18:50,20250103
233,1,0,0,0,0,0,0,2025-01-26 08:40:31,20250126
234,1,0,0,0,0,0,0,2025-01-26 18:34:53,20250126
235,1,0,0,0,0,0,0,2025-02-27 22:06:42,20250227
236,1,0,0,0,0,0,0,2025-03-12 17:37:58,20250312
237,0,1,0,0,0,0,0,2025-02-12 08:52:17,20250212
238,1,0,0,0,0,0,0,2025-02-19 15:42:07,20250219
239,1,0,0,0,0,0,0,2025-03-29 07:59:52,20250329
240,1,0,0,0,0,0,0,2025-01-25 17:32:47,20250125
241,1,0,0,0,0,0,0,2025-02-12 08:05:15,20250212
242,1,0,0,0,0,0,0,2025-03-31 20:44:47,20250331
243,0,1,0,0,0,0,0,2025-03-08 16:29:35,20250308
244,0,1,0,0,0,0,0,2025-03-14 00:52:08,20250314
245,0,1,0,0,0,0,0,2025-01-20 03:07:30,20250120
246,1,0,0,0,0,0,0,2025-01-07 19:03:02,20250107
247,0,0,0,0,1,0,0,2025-03-31 09:33:05,20250331
248,1,0,0,0,0,0,0,2025-01-31 11:28:35,20250131
249,1,0,0,0,0,0,0,2025-01-13 02:23:52,20250113
250,0,1,0,0,0,0,0,2025-01-30 03:48:05,20250130
251,1,0,0,0,0,0,0,2025-03-06 17:58:23,20250306
252,1,0,0,0,0,0,0,2025-02-09 01:39:39,20250209
253,1,0,0,0,0,0,0,2025-02-23 19:52:28,20250223
254,1,0,0,0,0,0,0,2025-02-10 19:42:39,20250210
255,1,0,0,0,0,0,0,2025-02-06 19:28:21,20250206
256,1,0,0,0,0,0,0,2025-03-29 15:41:21,20250329
257,1,0,0,0,0,0,0,2025-02-25 06:06:40,20250225
258,1,0,0,0,0,0,0,2025-02-23 04:47:10,20250223
259,0,1,0,0,0,0,0,2025-01-30 12:04:47,20250130
260,1,0,0,0,0,0,0,2025-02-11 17:42:43,20250211
261,0,1,0,0,0,0,0,2025-02-28 21:37:26,20250228
262,1,0,0,0,0,0,0,2025-02-15 03:30:03,20250215
263,1,0,0,0,0,0,0,2025-03-07 14:19:32,20250307
264,1,0,0,0,0,0,0,2025-02-15 22:36:13,20250215
265,0,1,0,0,0,0,0,2025-03-19 06:52:19,20250319
266,0,1,0,0,0,0,0,2025-03-05 23:14:00,20250305
267,1,0,0,0,0,0,0,2025-02-20 01:05:24,20250220
268,1,0,0,0,0,0,0,2025-03-02 02:58:56,20250302
269,1,0,0,0,0,0,0,2025-03-21 11:03:53,20250321
270,0,0,0,0,0,1,0,2025-01-23 19:17:00,20250123
271,1,0,0,0,0,0,0,2025-01-22 19:27:02,20250122
272,0,1,0,0,0,0,0,2025-01-15 07:21:34,20250115
273,1,0,0,0,0,0,0,2025-01-24 18:31:28,20250124
274,0,0,0,0,0,1,0,2025-03-01 08:22:17,20250301
275,0,1,0,0,0,0,0,2025-01-08 01:42:07,20250108
276,1,0,0,0,0,0,0,2025-03-28 00:50:55,20250328
277,1,0,0,0,0,0,0,2025-01-19 21:04:00,20250119
278,0,1,0,0,0,0,0,2025-02-07 06:44:04,20250207
279,1,0,0,0,0,0,0,2025-01-24 16:31:29,20250124
280,1,0,0,0,0,0,0,2025-03-08 18:16:34,20250308
281,1,0,0,0,0,0,0,2025-03-14 21:52:26,20250314
282,0,0,1,0,0,0,0,2025-03-27 23:17:00,20250327
283,1,0,0,0,0,0,0,2025-02-11 06:39:44,20250211
284,1,0,0,0,0,0,0,2025-03-20 01:42:42,20250320
285,0,0,0,0,0,1,0,2025-02-20 06:55:44,20250220
286,1,0,0,0,0,0,0,2025-02-24 02:50:58,20250224
287,1,0,0,0,0,0,0,2025-03-24 08:46:01,20250324
288,1,0,0,0,0,0,0,2025-01-13 22:42:09,20250113
289,0,1,0,0,0,0,0,2025-03-06 19:34:07,20250306
290,1,0,0,0,0,0,0,2025-02-24 06:23:25,20250224
291,1,0,0,0,0,0,0,2025-03-15 07:51:36,20250315
292,0,0,1,0,0,0,0,2025-03-01 11:35:00,20250301
293,0,1,0,0,0,0,0,2025-03-28 14:33:28,20250328
294,1,0,0,0,0,0,0,2025-03-22 15:21:59,20250322
295,0,0,1,0,0,0,0,2025-02-13 07:03:14,20250213
296,0,0,1,0,0,0,0,2025-03-14 04:50:33,20250314
297,0,0,1,0,0,0,0,2025-02-13 16:44:18,20250213
298,1,0,0,0,0,0,0,2025-01-25 00:06:37,20250125
299,0,1,0,0,0,0,0,2025-01-27 22:10:56,20250127
300,0,1,0,0,0,0,0,2025-02-20 14:42:59,20250220
301,1,0,0,0,0,0,0,2025-01-24 05:28:59,20250124
302,1,0,0,0,0,0,0,2025-01-08 12:32:57,20250108
303,0,1,0,0,0,0,0,2025-01-23 18:24:34,20250123
304,1,0,0,0,0,0,0,2025-02-01 00:58:38,20250201
305,0,0,1,0,0,0,0,2025-01-08 19:45:34,20250108
306,1,0,0,0,0,0,0,2025-01-23 10:52:41,20250123
307,1,0,0,0,0,0,0,2025-01-15 20:03:43,20250115
308,0,1,0,0,0,0,0,2025-01-07 05:39:50,20250107
309,1,0,0,0,0,0,0,2025-02-02 03:00:34,20250202
310,1,0,0,0,0,0,0,2025-02-10 08:49:27,20250210
311,1,0,0,0,0,0,0,2025-03-22 20:46:37,20250322
312,1,0,0,0,0,0,0,2025-03-29 20:25:35,20250329
313,0,1,0,0,0,0,0,2025-03-09 12:41:09,20250309
314,1,0,0,0,0,0,0,2025-03-27 12:04:43,20250327
315,0,1,0,0,0,0,0,2025-02-06 22:21:07,20250206
316,1,0,0,0,0,0,0,2025-02-04 03:39:26,20250204
317,1,0,0,0,0,0,0,2025-02-07 20:44:05,20250207
318,0,0,1,0,0,0,0,2025-03-23 03:23:20,20250323
319,1,0,0,0,0,0,0,2025-03-14 13:50:15,20250314
320,0,1,0,0,0,0,0,2025-03-19 15:49:40,20250319
321,1,0,0,0,0,0,0,2025-01-22 09:53:32,20250122
322,1,0,0,0,0,0,0,2025-01-27 11:59:07,20250127
323,1,0,0,0,0,0,0,2025-01-03 19:37:57,20250103
324,1,0,0,0,0,0,0,2025-03-06 22:35:18,20250306
325,1,0,0,0,0,0,0,2025-02-09 06:07:34,20250209
326,0,1,0,0,0,0,0,2025-03-23 14:31:12,20250323
327,1,0,0,0,0,0,0,2025-01-13 09:23:39,20250113
328,0,0,0,0,0,1,0,2025-02-21 20:35:53,20250221
329,1,0,0,0,0,0,0,2025-02-08 06:08:01,20250208
330,1,0,0,0,0,0,0,2025-03-06 08:54:05,20250306
331,1,0,0,0,0,0,0,2025-03-04 09:42:54,20250304
332,1,0,0,0,0,0,0,2025-03-26 03:54:36,20250326
333,1,0,0,0,0,0,0,2025-01-05 21:10:18,20250105
334,1,0,0,0,0,0,0,2025-02-01 18:47:13,20250201
335,1,0,0,0,0,0,0,2025-02-01 17:36:21,20250201
336,1,0,0,0,0,0,0,2025-03-27 09:42:35,20250327
337,1,0,0,0,0,0,0,2025-03-15 00:18:35,20250315
338,0,0,0,0,0,1,0,2025-02-10 22:19:02,20250210
339,1,0,0,0,0,0,0,2025-01-08 22:51:19,20250108
340,1,0,0,0,0,0,0,2025-03-14 17:21:10,20250314
341,1,0,0,0,0,0,0,2025-02-03 23:28:00,20250203
342,1,0,0,0,0,0,0,2025-01-07 15:53:32,20250107
343,0,1,0,0,0,0,0,2025-03-05 06:41:54,20250305
344,1,0,0,0,0,0,0,2025-01-04 00:18:18,20250104
345,0,0,0,0,0,1,0,2025-01-20 08:32:38,20250120
346,0,1,0,0,0,0,0,2025-03-02 07:49:01,20250302
347,1,0,0,0,0,0,0,2025-01-13 06:06:58,20250113
348,1,0,0,0,0,0,0,2025-01-12 02:32:48,20250112
349,1,0,0,0,0,0,0,2025-01-22 03:53:39,20250122
350,1,0,0,0,0,0,0,2025-01-25 21:05:27,20250125
351,0,1,0,0,0,0,0,2025-01-17 06:58:37,20250117
352,1,0,0,0,0,0,0,2025-03-14 14:47:35,20250314
353,0,1,0,0,0,0,0,2025-03-17 12:23:11,20250317
354,0,1,0,0,0,0,0,2025-01-31 04:46:23,20250131
355,1,0,0,0,0,0,0,2025-01-03 11:50:06,20250103
356,0,0,0,1,0,0,0,2025-02-25 21:42:13,20250225
357,1,0,0,0,0,0,0,2025-02-06 10:31:42,20250206
358,1,0,0,0,0,0,0,2025-03-11 10:06:18,20250311
359,1,0,0,0,0,0,0,2025-02-27 11:41:16,20250227
360,1,0,0,0,0,0,0,2025-03-02 21:34:50,20250302
361,1,0,0,0,0,0,0,2025-03-09 16:34:38,20250309
362,0,1,0,0,0,0,0,2025-03-24 13:19:36,20250324
363,1,0,0,0,0,0,0,2025-03-20 05:00:58,20250320
364,1,0,0,0,0,0,0,2025-02-24 22:43:06,20250224
365,0,1,0,0,0,0,0,2025-02-03 17:02:36,20250203
366,1,0,0,0,0,0,0,2025-03-06 05:27:23,20250306
367,1,0,0,0,0,0,0,2025-02-19 02:58:26,20250219
368,1,0,0,0,0,0,0,2025-01-02 05:28:53,20250102
369,0,1,0,0,0,0,0,2025-03-21 20:10:11,20250321
370,1,0,0,0,0,0,0,2025-02-12 02:10:57,20250212
371,0,0,0,0,0,1,0,2025-03-03 17:01:14,20250303
372,0,0,1,0,0,0,0,2025-02-14 15:16:13,20250214
373,0,1,0,0,0,0,0,2025-02-12 06:45:30,20250212
374,1,0,0,0,0,0,0,2025-02-20 15:45:28,20250220
375,0,0,0,0,0,1,0,2025-01-27 05:20:15,20250127
376,1,0,0,0,0,0,0,2025-03-31 06:51:52,20250331
377,1,0,0,0,0,0,0,2025-02-16 22:37:51,20250216
378,1,0,0,0,0,0,0,2025-03-22 04:06:03,20250322
379,0,1,0,0,0,0,0,2025-01-27 01:24:24,20250127
380,1,0,0,0,0,0,0,2025-01-24 20:02:42,20250124
381,0,1,0,0,0,0,0,2025-01-09 09:56:21,20250109
382,1,0,0,0,0,0,0,2025-02-13 18:26:41,20250213
383,1,0,0,0,0,0,0,2025-02-15 02:50:57,20250215
384,1,0,0,0,0,0,0,2025-03-06 20:59:31,20250306
385,1,0,0,0,0,0,0,2025-01-03 18:52:33,20250103
386,1,0,0,0,0,0,0,2025-02-01 13:20:16,20250201
387,1,0,0,0,0,0,0,2025-01-21 14:16:30,20250121
388,1,0,0,0,0,0,0,2025-01-26 02:00:17,20250126
389,1,0,0,0,0,0,0,2025-03-27 11:17:39,20250327
390,1,0,0,0,0,0,0,2025-03-27 10:47:55,20250327
391,1,0,0,0,0,0,0,2025-01-01 23:39:13,20250101
392,1,0,0,0,0,0,0,2025-01-19 13:11:37,20250119
393,1,0,0,0,0,0,0,2025-03-11 21:53:44,20250311
394,1,0,0,0,0,0,0,2025-02-23 21:39:15,20250223
395,0,1,0,0,0,0,0,2025-03-09 01:14:11,20250309
396,1,0,0,0,0,0,0,2025-03-11 02:42:46,20250311
397,1,0,0,0,0,0,0,2025-03-18 23:40:03,20250318
398,1,0,0,0,0,0,0,2025-01-29 13:37:06,20250129
399,1,0,0,0,0,0,0,2025-03-09 03:58:51,20250309
400,1,0,0,0,0,0,0,2025-03-06 11:08:20,20250306
401,1,0,0,0,0,0,0,2025-02-15 22:46:36,20250215
402,1,0,0,0,0,0,0,2025-02-03 09:00:46,20250203
403,1,0,0,0,0,0,0,2025-03-14 10:09:19,20250314
404,1,0,0,0,0,0,0,2025-02-04 03:46:40,20250204
405,0,1,0,0,0,0,0,2025-01-27 07:16:51,20250127
406,1,0,0,0,0,0,0,2025-01-23 09:11:33,20250123
407,1,0,0,0,0,0,0,2025-01-19 16:45:14,20250119
408,1,0,0,0,0,0,0,2025-03-14 03:02:18,20250314
409,1,0,0,0,0,0,0,2025-03-16 00:01:49,20250316
410,1,0,0,0,0,0,0,2025-01-19 14:19:22,20250119
411,1,0,0,0,0,0,0,2025-02-17 00:15:52,20250217
412,1,0,0,0,0,0,0,2025-02-27 05:50:13,20250227
413,0,0,0,0,0,1,0,2025-02-20 22:29:33,20250220
414,1,0,0,0,0,0,0,2025-01-10 18:14:34,20250110
415,0,1,0,0,0,0,0,2025-01-29 18:18:15,20250129
416,1,0,0,0,0,0,0,2025-01-18 10:07:44,20250118
417,1,0,0,0,0,0,0,2025-03-10 17:48:09,20250310
418,1,0,0,0,0,0,0,2025-01-27 15:11:30,20250127
419,1,0,0,0,0,0,0,2025-01-06 07:03:17,20250106
420,1,0,0,0,0,0,0,2025-03-09 17:06:01,20250309
421,0,0,0,0,1,0,0,2025-03-03 22:20:38,20250303
422,0,0,1,0,0,0,0,2025-02-17 15:49:48,20250217
423,1,0,0,0,0,0,0,2025-01-02 04:34:49,20250102
424,1,0,0,0,0,0,0,2025-02-15 13:46:26,20250215
425,1,0,0,0,0,0,0,2025-02-03 01:54:08,20250203
426,1,0,0,0,0,0,0,2025-01-05 23:42:59,20250105
427,1,0,0,0,0,0,0,2025-03-25 15:57:36,20250325
428,1,0,0,0,0,0,0,2025-03-21 19:40:05,20250321
429,1,0,0,0,0,0,0,2025-02-17 17:51:09,20250217
430,1,0,0,0,0,0,0,2025-03-03 02:42:53,20250303
431,1,0,0,0,0,0,0,2025-01-15 17:32:58,20250115
432,1,0,0,0,0,0,0,2025-02-24 15:30:40,20250224
433,0,0,0,0,1,0,0,2025-01-09 06:29:09,20250109
434,0,0,0,0,0,0,1,2025-01-12 12:00:43,20250112
435,1,0,0,0,0,0,0,2025-02-10 09:45:20,20250210
436,1,0,0,0,0,0,0,2025-03-18 18:33:34,20250318
437,1,0,0,0,0,0,0,2025-03-17 07:29:49,20250317
438,1,0,0,0,0,0,0,2025-02-13 17:46:29,20250213
439,0,0,1,0,0,0,0,2025-01-29 20:52:58,20250129
440,0,0,1,0,0,0,0,2025-02-11 15:14:45,20250211
441,1,0,0,0,0,0,0,2025-03-02 07:05:54,20250302
442,1,0,0,0,0,0,0,2025-03-13 20:31:59,20250313
443,1,0,0,0,0,0,0,2025-03-16 01:18:22,20250316
444,1,0,0,0,0,0,0,2025-01-21 11:43:27,20250121
445,1,0,0,0,0,0,0,2025-01-08 21:10:49,20250108
446,1,0,0,0,0,0,0,2025-01-17 21:00:53,20250117
447,1,0,0,0,0,0,0,2025-01-16 04:44:50,20250116
448,1,0,0,0,0,0,0,2025-02-13 17:44:58,20250213
449,1,0,0,0,0,0,0,2025-02-15 14:58:31,20250215
450,1,0,0,0,0,0,0,2025-01-23 11:22:43,20250123
451,1,0,0,0,0,0,0,2025-01-28 10:46:53,20250128
452,0,1,0,0,0,0,0,2025-02-14 01:58:10,20250214
453,1,0,0,0,0,0,0,2025-01-23 15:55:00,20250123
454,0,0,0,1,0,0,0,2025-03-18 11:46:20,20250318
455,0,1,0,0,0,0,0,2025-02-27 06:18:33,20250227
456,1,0,0,0,0,0,0,2025-01-20 04:57:07,20250120
457,1,0,0,0,0,0,0,2025-02-22 20:55:20,20250222
458,1,0,0,0,0,0,0,2025-01-15 11:10:13,20250115
459,0,0,1,0,0,0,0,2025-03-22 06:11:24,20250322
460,1,0,0,0,0,0,0,2025-01-06 18:58:00,20250106
461,1,0,0,0,0,0,0,2025-01-30 20:47:14,20250130
462,1,0,0,0,0,0,0,2025-03-22 00:37:08,20250322
463,1,0,0,0,0,0,0,2025-01-29 00:30:41,20250129
464,1,0,0,0,0,0,0,2025-02-15 12:08:43,20250215
465,1,0,0,0,0,0,0,2025-03-09 22:29:51,20250309
466,1,0,0,0,0,0,0,2025-01-27 10:22:46,20250127
467,1,0,0,0,0,0,0,2025-02-17 22:37:34,20250217
468,1,0,0,0,0,0,0,2025-02-28 01:31:35,20250228
469,1,0,0,0,0,0,0,2025-02-11 22:41:59,20250211
470,0,1,0,0,0,0,0,2025-02-28 14:45:17,20250228
471,1,0,0,0,0,0,0,2025-01-09 20:48:25,20250109
472,1,0,0,0,0,0,0,2025-03-07 11:13:44,20250307
473,0,1,0,0,0,0,0,2025-02-25 20:18:39,20250225
474,1,0,0,0,0,0,0,2025-01-03 00:20:25,20250103
475,0,0,0,0,0,0,1,2025-03-07 06:31:46,20250307
476,0,1,0,0,0,0,0,2025-02-25 22:45:10,20250225
477,1,0,0,0,0,0,0,2025-03-15 10:14:02,20250315
478,1,0,0,0,0,0,0,2025-02-20 09:16:24,20250220
479,1,0,0,0,0,0,0,2025-03-30 22:36:15,20250330
480,1,0,0,0,0,0,0,2025-02-26 19:55:00,20250226
481,1,0,0,0,0,0,0,2025-03-21 01:19:41,20250321
482,1,0,0,0,0,0,0,2025-01-09 20:36:36,20250109
483,1,0,0,0,0,0,0,2025-02-09 15:31:12,20250209
484,1,0,0,0,0,0,0,2025-03-07 01:31:27,20250307
485,1,0,0,0,0,0,0,2025-01-16 14:44:56,20250116
486,1,0,0,0,0,0,0,2025-03-09 08:22:36,20250309
487,1,0,0,0,0,0,0,2025-03-06 07:55:53,20250306
488,0,0,0,0,1,0,0,2025-03-20 23:44:46,20250320
489,0,1,0,0,0,0,0,2025-01-04 13:30:37,20250104
490,1,0,0,0,0,0,0,2025-01-31 12:52:41,20250131
491,1,0,0,0,0,0,0,2025-01-12 06:07:00,20250112
492,0,0,0,0,0,1,0,2025-02-09 05:47:46,20250209
493,0,0,1,0,0,0,0,2025-03-22 02:13:10,20250322
494,0,0,0,0,0,1,0,2025-03-05 20:27:35,20250305
495,0,0,1,0,0,0,0,2025-02-14 20:28:58,20250214
496,1,0,0,0,0,0,0,2025-01-19 05:05:56,20250119
497,1,0,0,0,0,0,0,2025-03-02 10:50:31,20250302
498,0,1,0,0,0,0,0,2025-03-02 17:18:28,20250302
499,1,0,0,0,0,0,0,2025-01-06 00:15:50,20250106
500,1,0,0,0,0,0,0,2025-02-23 07:46:28,20250223
501,1,0,0,0,0,0,0,2025-01-28 23:09:23,20250128
502,1,0,0,0,0,0,0,2025-03-09 19:02:25,20250309
503,1,0,0,0,0,0,0,2025-01-03 19:16:14,20250103
504,0,0,0,0,0,1,0,2025-03-01 02:46:25,20250301
505,0,1,0,0,0,0,0,2025-03-10 21:54:49,20250310
506,1,0,0,0,0,0,0,2025-02-23 11:32:52,20250223
507,1,0,0,0,0,0,0,2025-02-09 14:41:13,20250209
508,1,0,0,0,0,0,0,2025-03-23 16:37:02,20250323
509,0,0,0,1,0,0,0,2025-02-14 19:15:05,20250214
510,0,0,0,0,1,0,0,2025-03-04 21:16:22,20250304
511,0,1,0,0,0,0,0,2025-02-18 09:17:56,20250218
512,0,0,0,1,0,0,0,2025-01-29 08:05:12,20250129
513,1,0,0,0,0,0,0,2025-01-27 13:07:34,20250127
514,1,0,0,0,0,0,0,2025-02-16 20:18:19,20250216
515,0,0,0,0,0,1,0,2025-01-24 15:56:03,20250124
516,1,0,0,0,0,0,0,2025-01-15 01:02:24,20250115
517,1,0,0,0,0,0,0,2025-03-31 12:06:30,20250331
518,1,0,0,0,0,0,0,2025-03-14 10:59:15,20250314
519,0,0,1,0,0,0,0,2025-03-25 21:19:43,20250325
520,1,0,0,0,0,0,0,2025-03-17 00:27:48,20250317
521,0,1,0,0,0,0,0,2025-02-10 06:53:09,20250210
522,1,0,0,0,0,0,0,2025-03-18 11:30:52,20250318
523,1,0,0,0,0,0,0,2025-03-21 16:01:07,20250321
524,1,0,0,0,0,0,0,2025-03-12 11:49:17,20250312
525,1,0,0,0,0,0,0,2025-02-26 23:39:50,20250226
526,1,0,0,0,0,0,0,2025-03-06 01:46:24,20250306
527,1,0,0,0,0,0,0,2025-01-15 10:15:08,20250115
528,1,0,0,0,0,0,0,2025-02-17 00:35:50,20250217
529,1,0,0,0,0,0,0,2025-02-23 14:03:38,20250223
530,0,1,0,0,0,0,0,2025-02-06 14:57:47,20250206
531,1,0,0,0,0,0,0,2025-02-01 05:47:44,20250201
532,0,0,1,0,0,0,0,2025-03-09 17:17:20,20250309
533,1,0,0,0,0,0,0,2025-02-07 04:23:12,20250207
534,1,0,0,0,0,0,0,2025-03-17 07:08:58,20250317
535,1,0,0,0,0,0,0,2025-01-31 21:24:16,20250131
536,0,1,0,0,0,0,0,2025-03-10 11:18:00,20250310
537,0,0,0,1,0,0,0,2025-02-07 00:19:58,20250207
538,1,0,0,0,0,0,0,2025-03-06 10:30:25,20250306
539,0,1,0,0,0,0,0,2025-03-05 07:18:51,20250305
540,0,0,0,0,0,1,0,2025-02-18 02:11:57,20250218
541,0,0,0,0,0,1,0,2025-01-13 06:10:30,20250113
542,1,0,0,0,0,0,0,2025-02-27 07:13:12,20250227
543,1,0,0,0,0,0,0,2025-01-10 17:51:59,20250110
544,0,0,1,0,0,0,0,2025-02-12 17:59:16,20250212
545,1,0,0,0,0,0,0,2025-03-30 09:28:58,20250330
546,1,0,0,0,0,0,0,2025-03-12 03:24:58,20250312
547,1,0,0,0,0,0,0,2025-03-26 13:25:15,20250326
548,1,0,0,0,0,0,0,2025-01-15 23:41:15,20250115
549,1,0,0,0,0,0,0,2025-03-17 21:05:09,20250317
550,0,0,0,0,0,1,0,2025-02-02 20:54:17,20250202
551,1,0,0,0,0,0,0,2025-02-08 14:12:11,20250208
552,1,0,0,0,0,0,0,2025-03-24 16:45:25,20250324
553,1,0,0,0,0,0,0,2025-03-07 11:22:00,20250307
554,0,0,1,0,0,0,0,2025-02-06 21:29:09,20250206
555,0,0,0,0,0,1,0,2025-03-02 20:32:52,20250302
556,0,1,0,0,0,0,0,2025-03-15 17:32:04,20250315
557,1,0,0,0,0,0,0,2025-02-22 12:39:31,20250222
558,1,0,0,0,0,0,0,2025-01-07 15:25:54,20250107
559,1,0,0,0,0,0,0,2025-03-08 10:45:59,20250308
560,0,0,0,1,0,0,0,2025-01-23 02:04:53,20250123
561,0,1,0,0,0,0,0,2025-02-12 03:13:36,20250212
562,0,0,0,0,0,1,0,2025-03-15 19:47:23,20250315
563,1,0,0,0,0,0,0,2025-03-26 17:15:25,20250326
564,1,0,0,0,0,0,0,2025-01-17 03:39:28,20250117
565,1,0,0,0,0,0,0,2025-03-29 17:07:50,20250329
566,1,0,0,0,0,0,0,2025-02-01 11:50:51,20250201
567,0,1,0,0,0,0,0,2025-01-29 11:35:47,20250129
568,1,0,0,0,0,0,0,2025-02-11 19:34:22,20250211
569,1,0,0,0,0,0,0,2025-02-21 13:42:26,20250221
570,1,0,0,0,0,0,0,2025-03-08 04:42:36,20250308
571,0,1,0,0,0,0,0,2025-01-17 12:05:26,20250117
572,1,0,0,0,0,0,0,2025-03-01 04:13:07,20250301
573,0,0,1,0,0,0,0,2025-03-02 04:01:47,20250302
574,1,0,0,0,0,0,0,2025-02-18 07:38:55,20250218
575,0,0,0,1,0,0,0,2025-01-14 21:29:18,20250114
576,1,0,0,0,0,0,0,2025-03-03 22:25:31,20250303
577,1,0,0,0,0,0,0,2025-01-25 18:57:15,20250125
578,1,0,0,0,0,0,0,2025-03-29 06:36:31,20250329
579,0,1,0,0,0,0,0,2025-03-29 11:58:12,20250329
580,1,0,0,0,0,0,0,2025-02-23 01:39:57,20250223
581,1,0,0,0,0,0,0,2025-02-12 21:18:17,20250212
582,0,0,0,0,1,0,0,2025-02-27 01:08:28,20250227
583,1,0,0,0,0,0,0,2025-02-11 04:42:41,20250211
584,1,0,0,0,0,0,0,2025-02-14 08:30:16,20250214
585,0,1,0,0,0,0,0,2025-01-20 08:12:33,20250120
586,0,0,0,0,0,0,1,2025-03-24 20:24:56,20250324
587,1,0,0,0,0,0,0,2025-01-24 00:43:45,20250124
588,1,0,0,0,0,0,0,2025-02-04 20:26:07,20250204
589,1,0,0,0,0,0,0,2025-03-09 21:26:18,20250309
590,1,0,0,0,0,0,0,2025-03-22 14:07:39,20250322
591,1,0,0,0,0,0,0,2025-01-27 15:35:08,20250127
592,1,0,0,0,0,0,0,2025-03-25 23:45:11,20250325
593,1,0,0,0,0,0,0,2025-03-14 07:12:14,20250314
594,0,0,0,0,0,1,0,2025-03-30 09:53:28,20250330
595,1,0,0,0,0,0,0,2025-02-18 05:27:30,20250218
596,0,1,0,0,0,0,0,2025-03-29 15:59:27,20250329
597,1,0,0,0,0,0,0,2025-03-19 13:28:44,20250319
598,1,0,0,0,0,0,0,2025-03-19 20:38:12,20250319
599,1,0,0,0,0,0,0,2025-03-03 19:25:37,20250303
600,1,0,0,0,0,0,0,2025-01-25 08:00:09,20250125
601,1,0,0,0,0,0,0,2025-03-11 23:53:05,20250311
602,0,1,0,0,0,0,0,2025-03-08 02:30:26,20250308
603,0,1,0,0,0,0,0,2025-03-02 23:55:27,20250302
604,1,0,0,0,0,0,0,2025-03-02 22:05:00,20250302
605,1,0,0,0,0,0,0,2025-01-30 23:51:56,20250130
606,0,1,0,0,0,0,0,2025-01-04 05:44:41,20250104
607,1,0,0,0,0,0,0,2025-03-13 02:31:19,20250313
608,1,0,0,0,0,0,0,2025-03-30 07:35:11,20250330
609,1,0,0,0,0,0,0,2025-03-14 13:45:23,20250314
610,1,0,0,0,0,0,0,2025-01-20 11:53:08,20250120
611,1,0,0,0,0,0,0,2025-02-22 08:54:40,20250222
612,0,0,1,0,0,0,0,2025-02-05 12:30:35,20250205
613,1,0,0,0,0,0,0,2025-03-30 16:34:44,20250330
614,1,0,0,0,0,0,0,2025-01-16 23:24:58,20250116
615,1,0,0,0,0,0,0,2025-03-22 01:39:59,20250322
616,0,0,0,0,1,0,0,2025-03-20 07:15:15,20250320
617,1,0,0,0,0,0,0,2025-03-26 12:10:18,20250326
618,1,0,0,0,0,0,0,2025-01-12 04:21:53,20250112
619,1,0,0,0,0,0,0,2025-01-08 07:27:36,20250108
620,1,0,0,0,0,0,0,2025-01-22 21:43:13,20250122
621,0,0,1,0,0,0,0,2025-03-12 07:32:50,20250312
622,1,0,0,0,0,0,0,2025-02-08 14:02:09,20250208
623,0,0,0,0,0,1,0,2025-03-20 02:49:30,20250320
624,1,0,0,0,0,0,0,2025-01-09 18:25:15,20250109
625,0,1,0,0,0,0,0,2025-01-02 08:25:58,20250102
626,1,0,0,0,0,0,0,2025-01-12 23:58:57,20250112
627,1,0,0,0,0,0,0,2025-03-07 07:48:13,20250307
628,0,1,0,0,0,0,0,2025-01-26 10:52:49,20250126
629,1,0,0,0,0,0,0,2025-03-21 20:22:16,20250321
630,1,0,0,0,0,0,0,2025-02-06 01:35:46,20250206
631,1,0,0,0,0,0,0,2025-01-23 16:50:40,20250123
632,1,0,0,0,0,0,0,2025-03-02 03:38:55,20250302
633,0,0,1,0,0,0,0,2025-02-24 12:10:26,20250224
634,1,0,0,0,0,0,0,2025-03-01 05:35:40,20250301
635,1,0,0,0,0,0,0,2025-01-07 03:18:22,20250107
636,1,0,0,0,0,0,0,2025-02-15 01:49:18,20250215
637,0,0,1,0,0,0,0,2025-01-30 08:09:14,20250130
638,1,0,0,0,0,0,0,2025-01-12 07:52:28,20250112
639,1,0,0,0,0,0,0,2025-01-04 14:42:37,20250104
640,1,0,0,0,0,0,0,2025-02-17 19:53:54,20250217
641,1,0,0,0,0,0,0,2025-01-23 19:07:25,20250123
642,0,0,1,0,0,0,0,2025-01-14 04:07:12,20250114
643,1,0,0,0,0,0,0,2025-02-06 00:31:10,20250206
644,1,0,0,0,0,0,0,2025-03-14 03:38:31,20250314
645,1,0,0,0,0,0,0,2025-02-22 10:44:23,20250222
646,1,0,0,0,0,0,0,2025-03-14 01:36:43,20250314
647,0,1,0,0,0,0,0,2025-03-27 23:09:49,20250327
648,1,0,0,0,0,0,0,2025-01-10 14:44:13,20250110
649,0,1,0,0,0,0,0,2025-03-01 18:34:25,20250301
650,1,0,0,0,0,0,0,2025-01-28 03:50:30,20250128
651,1,0,0,0,0,0,0,2025-02-05 23:23:50,20250205
652,1,0,0,0,0,0,0,2025-02-13 04:12:59,20250213
653,0,0,0,0,0,1,0,2025-03-25 01:20:36,20250325
654,1,0,0,0,0,0,0,2025-03-08 13:45:02,20250308
655,1,0,0,0,0,0,0,2025-03-29 13:06:16,20250329
656,0,0,0,0,0,1,0,2025-02-04 19:46:14,20250204
657,1,0,0,0,0,0,0,2025-01-27 18:51:01,20250127
658,1,0,0,0,0,0,0,2025-01-12 20:39:09,20250112
659,0,0,0,0,1,0,0,2025-03-22 00:30:15,20250322
660,1,0,0,0,0,0,0,2025-03-06 08:21:47,20250306
661,1,0,0,0,0,0,0,2025-03-04 02:07:35,20250304
662,1,0,0,0,0,0,0,2025-01-03 01:45:59,20250103
663,1,0,0,0,0,0,0,2025-02-02 09:07:57,20250202
664,1,0,0,0,0,0,0,2025-01-13 05:25:26,20250113
665,0,1,0,0,0,0,0,2025-01-20 22:09:49,20250120
666,1,0,0,0,0,0,0,2025-03-16 06:56:45,20250316
667,1,0,0,0,0,0,0,2025-02-26 22:22:17,20250226
668,1,0,0,0,0,0,0,2025-03-26 10:32:14,20250326
669,1,0,0,0,0,0,0,2025-03-17 04:24:34,20250317
670,1,0,0,0,0,0,0,2025-03-29 10:23:21,20250329
671,1,0,0,0,0,0,0,2025-01-27 22:05:49,20250127
672,0,0,1,0,0,0,0,2025-01-15 01:08:50,20250115
673,0,0,0,0,0,1,0,2025-02-22 10:47:35,20250222
674,1,0,0,0,0,0,0,2025-01-17 22:36:27,20250117
675,1,0,0,0,0,0,0,2025-03-26 02:58:11,20250326
676,1,0,0,0,0,0,0,2025-01-02 10:37:37,20250102
677,1,0,0,0,0,0,0,2025-03-18 13:10:43,20250318
678,1,0,0,0,0,0,0,2025-02-01 10:26:31,20250201
679,1,0,0,0,0,0,0,2025-01-26 18:21:04,20250126
680,1,0,0,0,0,0,0,2025-03-14 00:19:42,20250314
681,1,0,0,0,0,0,0,2025-01-12 00:49:19,20250112
682,0,1,0,0,0,0,0,2025-02-16 05:44:00,20250216
683,1,0,0,0,0,0,0,2025-02-05 03:36:43,20250205
684,1,0,0,0,0,0,0,2025-01-11 14:06:51,20250111
685,1,0,0,0,0,0,0,2025-01-22 12:14:54,20250122
686,0,0,0,0,1,0,0,2025-01-05 05:02:52,20250105
687,0,1,0,0,0,0,0,2025-03-30 05:32:41,20250330
688,0,0,1,0,0,0,0,2025-02-20 15:04:09,20250220
689,1,0,0,0,0,0,0,2025-03-04 11:05:32,20250304
690,0,0,0,0,0,1,0,2025-01-06 21:44:00,20250106
691,0,0,0,0,0,0,1,2025-03-24 06:20:55,20250324
692,1,0,0,0,0,0,0,2025-03-08 14:43:22,20250308
693,1,0,0,0,0,0,0,2025-03-11 04:00:55,20250311
694,0,0,1,0,0,0,0,2025-01-08 03:14:44,20250108
695,0,0,1,0,0,0,0,2025-02-01 06:34:29,20250201
696,1,0,0,0,0,0,0,2025-01-07 09:03:02,20250107
697,1,0,0,0,0,0,0,2025-03-02 14:45:54,20250302
698,1,0,0,0,0,0,0,2025-02-23 05:45:47,20250223
699,0,1,0,0,0,0,0,2025-02-06 23:34:17,20250206
700,0,0,0,0,0,0,1,2025-02-21 12:17:13,20250221
701,1,0,0,0,0,0,0,2025-02-19 02:01:09,20250219
702,1,0,0,0,0,0,0,2025-01-10 15:06:09,20250110
703,0,1,0,0,0,0,0,2025-01-12 02:36:14,20250112
704,0,0,1,0,0,0,0,2025-03-05 04:44:44,20250305
705,0,0,1,0,0,0,0,2025-02-23 12:42:15,20250223
706,0,1,0,0,0,0,0,2025-01-21 21:02:24,20250121
707,1,0,0,0,0,0,0,2025-03-28 05:24:07,20250328
708,1,0,0,0,0,0,0,2025-02-02 21:46:04,20250202
709,0,1,0,0,0,0,0,2025-02-08 17:06:31,20250208
710,1,0,0,0,0,0,0,2025-01-10 05:33:57,20250110
711,1,0,0,0,0,0,0,2025-01-31 08:13:57,20250131
712,1,0,0,0,0,0,0,2025-02-06 08:11:04,20250206
713,0,0,0,0,0,1,0,2025-03-08 16:24:32,20250308
714,0,0,0,1,0,0,0,2025-01-07 12:25:55,20250107
715,1,0,0,0,0,0,0,2025-01-09 06:54:48,20250109
716,1,0,0,0,0,0,0,2025-01-10 09:00:41,20250110
717,0,1,0,0,0,0,0,2025-02-06 04:19:48,20250206
718,0,1,0,0,0,0,0,2025-02-24 00:26:16,20250224
719,1,0,0,0,0,0,0,2025-02-24 12:35:28,20250224
720,1,0,0,0,0,0,0,2025-03-07 01:14:38,20250307
721,1,0,0,0,0,0,0,2025-02-04 07:56:35,20250204
722,0,0,1,0,0,0,0,2025-03-14 20:17:20,20250314
723,1,0,0,0,0,0,0,2025-03-30 22:04:13,20250330
724,0,1,0,0,0,0,0,2025-01-28 22:13:30,20250128
725,1,0,0,0,0,0,0,2025-02-04 03:23:42,20250204
726,1,0,0,0,0,0,0,2025-02-19 06:21:24,20250219
727,1,0,0,0,0,0,0,2025-03-05 18:18:23,20250305
728,1,0,0,0,0,0,0,2025-03-24 06:17:36,20250324
729,1,0,0,0,0,0,0,2025-03-24 01:51:46,20250324
730,1,0,0,0,0,0,0,2025-01-12 03:42:07,20250112
731,0,1,0,0,0,0,0,2025-02-25 17:44:59,20250225
732,1,0,0,0,0,0,0,2025-02-11 15:54:15,20250211
733,0,1,0,0,0,0,0,2025-03-16 12:14:50,20250316
734,0,1,0,0,0,0,0,2025-03-01 13:43:45,20250301
735,1,0,0,0,0,0,0,2025-02-24 01:17:51,20250224
736,1,0,0,0,0,0,0,2025-03-05 20:51:28,20250305
737,0,1,0,0,0,0,0,2025-01-26 23:11:54,20250126
738,1,0,0,0,0,0,0,2025-01-27 12:45:58,20250127
739,0,1,0,0,0,0,0,2025-01-30 23:59:11,20250130
740,0,0,0,1,0,0,0,2025-02-04 01:56:37,20250204
741,1,0,0,0,0,0,0,2025-03-26 10:55:37,20250326
742,1,0,0,0,0,0,0,2025-03-05 19:43:26,20250305
743,1,0,0,0,0,0,0,2025-01-14 18:35:30,20250114
744,0,1,0,0,0,0,0,2025-01-03 23:26:10,20250103
745,1,0,0,0,0,0,0,2025-02-21 12:06:51,20250221
746,1,0,0,0,0,0,0,2025-02-10 18:16:50,20250210
747,1,0,0,0,0,0,0,2025-01-16 06:47:24,20250116
748,1,0,0,0,0,0,0,2025-03-12 01:26:25,20250312
749,1,0,0,0,0,0,0,2025-02-25 02:35:19,20250225
750,1,0,0,0,0,0,0,2025-03-27 18:20:11,20250327
751,1,0,0,0,0,0,0,2025-01-16 06:47:29,20250116
752,0,1,0,0,0,0,0,2025-01-05 19:57:18,20250105
753,1,0,0,0,0,0,0,2025-01-27 10:02:44,20250127
754,1,0,0,0,0,0,0,2025-02-11 04:01:33,20250211
755,1,0,0,0,0,0,0,2025-02-12 22:02:15,20250212
756,1,0,0,0,0,0,0,2025-01-21 22:18:43,20250121
757,0,1,0,0,0,0,0,2025-01-12 01:12:50,20250112
758,1,0,0,0,0,0,0,2025-01-11 18:23:30,20250111
759,1,0,0,0,0,0,0,2025-03-07 20:59:15,20250307
760,1,0,0,0,0,0,0,2025-02-21 03:50:43,20250221
761,1,0,0,0,0,0,0,2025-01-05 09:49:48,20250105
762,1,0,0,0,0,0,0,2025-02-28 04:31:42,20250228
763,1,0,0,0,0,0,0,2025-01-20 20:20:25,20250120
764,1,0,0,0,0,0,0,2025-01-21 12:12:39,20250121
765,0,1,0,0,0,0,0,2025-03-16 04:37:26,20250316
766,1,0,0,0,0,0,0,2025-02-01 20:34:49,20250201
767,1,0,0,0,0,0,0,2025-02-18 06:59:30,20250218
768,0,1,0,0,0,0,0,2025-01-18 01:23:54,20250118
769,1,0,0,0,0,0,0,2025-02-21 17:00:24,20250221
770,0,1,0,0,0,0,0,2025-02-18 13:41:44,20250218
771,1,0,0,0,0,0,0,2025-03-06 20:39:54,20250306
772,0,1,0,0,0,0,0,2025-01-07 23:56:53,20250107
773,1,0,0,0,0,0,0,2025-03-14 01:04:53,20250314
774,1,0,0,0,0,0,0,2025-01-02 19:40:15,20250102
775,1,0,0,0,0,0,0,2025-01-08 13:25:58,20250108
776,0,0,1,0,0,0,0,2025-02-25 21:36:57,20250225
777,1,0,0,0,0,0,0,2025-02-09 06:22:25,20250209
778,0,1,0,0,0,0,0,2025-02-10 13:17:50,20250210
779,1,0,0,0,0,0,0,2025-02-09 07:47:37,20250209
780,1,0,0,0,0,0,0,2025-02-01 12:45:52,20250201
781,1,0,0,0,0,0,0,2025-03-02 00:20:10,20250302
782,1,0,0,0,0,0,0,2025-03-08 22:54:28,20250308
783,0,0,0,1,0,0,0,2025-01-09 13:21:27,20250109
784,1,0,0,0,0,0,0,2025-01-11 06:40:44,20250111
785,1,0,0,0,0,0,0,2025-02-27 04:10:10,20250227
786,1,0,0,0,0,0,0,2025-01-08 15:15:39,20250108
787,1,0,0,0,0,0,0,2025-01-31 02:59:31,20250131
788,0,1,0,0,0,0,0,2025-01-22 12:18:01,20250122
789,1,0,0,0,0,0,0,2025-01-17 07:46:39,20250117
790,1,0,0,0,0,0,0,2025-03-03 11:31:13,20250303
791,1,0,0,0,0,0,0,2025-02-19 12:16:27,20250219
792,1,0,0,0,0,0,0,2025-03-17 08:44:34,20250317
793,1,0,0,0,0,0,0,2025-03-12 14:54:58,20250312
794,0,0,0,0,0,1,0,2025-03-04 15:59:28,20250304
795,0,1,0,0,0,0,0,2025-01-23 22:32:46,20250123
796,1,0,0,0,0,0,0,2025-01-25 20:26:57,20250125
797,1,0,0,0,0,0,0,2025-02-28 11:41:28,20250228
798,1,0,0,0,0,0,0,2025-03-15 16:57:11,20250315
799,1,0,0,0,0,0,0,2025-01-18 04:46:49,20250118
800,0,0,0,0,0,1,0,2025-03-02 23:13:36,20250302
801,1,0,0,0,0,0,0,2025-03-15 05:59:10,20250315
802,1,0,0,0,0,0,0,2025-02-26 06:15:30,20250226
803,1,0,0,0,0,0,0,2025-03-31 17:26:07,20250331
804,0,0,1,0,0,0,0,2025-03-04 10:16:46,20250304
805,1,0,0,0,0,0,0,2025-03-02 15:14:28,20250302
806,1,0,0,0,0,0,0,2025-03-02 21:31:20,20250302
807,1,0,0,0,0,0,0,2025-02-12 16:43:17,20250212
808,1,0,0,0,0,0,0,2025-02-12 22:25:10,20250212
809,1,0,0,0,0,0,0,2025-03-19 07:34:57,20250319
810,1,0,0,0,0,0,0,2025-01-06 10:53:25,20250106
811,1,0,0,0,0,0,0,2025-01-08 04:52:36,20250108
812,1,0,0,0,0,0,0,2025-02-13 21:02:08,20250213
813,1,0,0,0,0,0,0,2025-02-05 19:13:15,20250205
814,0,1,0,0,0,0,0,2025-01-08 10:47:46,20250108
815,1,0,0,0,0,0,0,2025-03-25 00:58:40,20250325
816,1,0,0,0,0,0,0,2025-02-27 16:18:22,20250227
817,1,0,0,0,0,0,0,2025-02-14 22:11:46,20250214
818,1,0,0,0,0,0,0,2025-03-18 21:04:09,20250318
819,0,1,0,0,0,0,0,2025-01-04 23:35:23,20250104
820,1,0,0,0,0,0,0,2025-03-20 15:00:28,20250320
821,1,0,0,0,0,0,0,2025-01-19 06:37:47,20250119
822,1,0,0,0,0,0,0,2025-02-16 04:17:45,20250216
823,1,0,0,0,0,0,0,2025-01-07 00:10:34,20250107
824,1,0,0,0,0,0,0,2025-03-20 17:41:22,20250320
825,0,0,1,0,0,0,0,2025-02-03 08:16:04,20250203
826,0,0,0,0,0,1,0,2025-01-09 04:30:04,20250109
827,1,0,0,0,0,0,0,2025-01-17 18:05:29,20250117
828,1,0,0,0,0,0,0,2025-03-10 16:52:41,20250310
829,1,0,0,0,0,0,0,2025-02-12 15:55:37,20250212
830,1,0,0,0,0,0,0,2025-03-01 04:56:58,20250301
831,1,0,0,0,0,0,0,2025-02-06 04:48:29,20250206
832,0,0,0,1,0,0,0,2025-02-07 14:44:45,20250207
833,1,0,0,0,0,0,0,2025-02-02 20:27:09,20250202
834,1,0,0,0,0,0,0,2025-01-06 02:01:13,20250106
835,0,1,0,0,0,0,0,2025-03-04 20:19:50,20250304
836,1,0,0,0,0,0,0,2025-02-02 00:14:06,20250202
837,1,0,0,0,0,0,0,2025-03-07 20:44:18,20250307
838,1,0,0,0,0,0,0,2025-01-25 11:11:33,20250125
839,0,1,0,0,0,0,0,2025-03-05 17:54:18,20250305
840,0,0,0,0,0,1,0,2025-02-28 12:23:40,20250228
841,0,0,1,0,0,0,0,2025-02-02 08:47:23,20250202
842,1,0,0,0,0,0,0,2025-03-06 10:19:41,20250306
843,1,0,0,0,0,0,0,2025-02-03 23:08:29,20250203
844,1,0,0,0,0,0,0,2025-03-05 16:43:05,20250305
845,1,0,0,0,0,0,0,2025-02-08 01:19:41,20250208
846,1,0,0,0,0,0,0,2025-03-10 19:42:10,20250310
847,0,0,0,0,1,0,0,2025-01-31 01:22:41,20250131
848,1,0,0,0,0,0,0,2025-03-04 11:26:52,20250304
849,0,1,0,0,0,0,0,2025-03-20 22:51:28,20250320
850,1,0,0,0,0,0,0,2025-03-10 05:42:52,20250310
851,0,1,0,0,0,0,0,2025-03-13 17:28:11,20250313
852,0,0,0,0,0,0,1,2025-03-30 14:09:28,20250330
853,1,0,0,0,0,0,0,2025-03-04 17:20:48,20250304
854,1,0,0,0,0,0,0,2025-02-19 08:51:50,20250219
855,1,0,0,0,0,0,0,2025-02-05 04:54:49,20250205
856,1,0,0,0,0,0,0,2025-01-21 19:06:18,20250121
857,1,0,0,0,0,0,0,2025-03-16 09:16:24,20250316
858,1,0,0,0,0,0,0,2025-01-22 23:53:00,20250122
859,0,0,0,0,0,0,1,2025-01-16 01:02:54,20250116
860,1,0,0,0,0,0,0,2025-03-23 23:39:38,20250323
861,0,1,0,0,0,0,0,2025-02-19 07:00:09,20250219
862,0,1,0,0,0,0,0,2025-03-23 01:58:12,20250323
863,0,1,0,0,0,0,0,2025-02-21 02:54:27,20250221
864,1,0,0,0,0,0,0,2025-02-02 16:43:04,20250202
865,0,0,1,0,0,0,0,2025-03-02 00:07:03,20250302
866,1,0,0,0,0,0,0,2025-02-06 13:49:15,20250206
867,1,0,0,0,0,0,0,2025-01-18 13:24:05,20250118
868,0,1,0,0,0,0,0,2025-03-16 20:47:17,20250316
869,1,0,0,0,0,0,0,2025-03-29 15:20:27,20250329
870,1,0,0,0,0,0,0,2025-02-12 11:51:10,20250212
871,1,0,0,0,0,0,0,2025-02-05 08:52:44,20250205
872,1,0,0,0,0,0,0,2025-01-24 01:29:07,20250124
873,0,0,0,0,0,1,0,2025-03-01 06:47:25,20250301
874,1,0,0,0,0,0,0,2025-03-14 16:12:59,20250314
875,0,1,0,0,0,0,0,2025-01-23 17:15:58,20250123
876,1,0,0,0,0,0,0,2025-01-31 01:06:44,20250131
877,0,0,0,0,0,1,0,2025-03-18 03:42:54,20250318
878,1,0,0,0,0,0,0,2025-03-23 01:57:18,20250323
879,1,0,0,0,0,0,0,2025-03-07 20:34:10,20250307
880,0,0,0,0,1,0,0,2025-02-12 18:39:58,20250212
881,1,0,0,0,0,0,0,2025-01-28 08:34:32,20250128
882,0,1,0,0,0,0,0,2025-02-18 19:51:27,20250218
883,1,0,0,0,0,0,0,2025-01-16 17:37:22,20250116
884,0,1,0,0,0,0,0,2025-03-19 19:04:09,20250319
885,1,0,0,0,0,0,0,2025-03-26 18:14:30,20250326
886,1,0,0,0,0,0,0,2025-03-04 06:03:19,20250304
887,1,0,0,0,0,0,0,2025-02-06 00:59:12,20250206
888,1,0,0,0,0,0,0,2025-01-10 23:03:05,20250110
889,0,1,0,0,0,0,0,2025-02-20 02:09:21,20250220
890,0,0,1,0,0,0,0,2025-01-28 16:14:41,20250128
891,1,0,0,0,0,0,0,2025-01-16 13:33:17,20250116
892,1,0,0,0,0,0,0,2025-03-29 21:30:58,20250329
893,1,0,0,0,0,0,0,2025-03-22 16:28:45,20250322
894,1,0,0,0,0,0,0,2025-03-30 09:37:49,20250330
895,1,0,0,0,0,0,0,2025-02-13 19:12:15,20250213
896,0,0,1,0,0,0,0,2025-01-03 14:08:45,20250103
897,1,0,0,0,0,0,0,2025-02-08 11:48:16,20250208
898,1,0,0,0,0,0,0,2025-01-23 21:24:09,20250123
899,1,0,0,0,0,0,0,2025-01-08 22:09:16,20250108
900,1,0,0,0,0,0,0,2025-01-03 17:40:54,20250103
901,1,0,0,0,0,0,0,2025-01-10 14:52:49,20250110
902,0,1,0,0,0,0,0,2025-03-05 02:31:05,20250305
903,1,0,0,0,0,0,0,2025-01-15 04:19:10,20250115
904,1,0,0,0,0,0,0,2025-01-28 20:28:38,20250128
905,0,0,0,1,0,0,0,2025-02-15 20:53:59,20250215
906,1,0,0,0,0,0,0,2025-01-14 11:24:37,20250114
907,0,1,0,0,0,0,0,2025-02-15 13:06:20,20250215
908,1,0,0,0,0,0,0,2025-01-01 12:14:10,20250101
909,0,0,1,0,0,0,0,2025-01-02 20:16:56,20250102
910,1,0,0,0,0,0,0,2025-03-23 01:36:18,20250323
911,1,0,0,0,0,0,0,2025-03-12 14:34:47,20250312
912,1,0,0,0,0,0,0,2025-02-11 02:15:18,20250211
913,1,0,0,0,0,0,0,2025-01-28 23:19:31,20250128
914,1,0,0,0,0,0,0,2025-01-12 19:55:38,20250112
915,1,0,0,0,0,0,0,2025-02-10 18:15:51,20250210
916,1,0,0,0,0,0,0,2025-03-02 11:15:13,20250302
917,1,0,0,0,0,0,0,2025-01-11 18:19:03,20250111
918,0,1,0,0,0,0,0,2025-02-18 12:41:11,20250218
919,1,0,0,0,0,0,0,2025-01-02 14:17:49,20250102
920,1,0,0,0,0,0,0,2025-02-25 19:57:27,20250225
921,1,0,0,0,0,0,0,2025-01-14 22:33:29,20250114
922,1,0,0,0,0,0,0,2025-01-01 03:38:42,20250101
923,1,0,0,0,0,0,0,2025-01-24 08:33:19,20250124
924,1,0,0,0,0,0,0,2025-01-19 04:28:22,20250119
925,1,0,0,0,0,0,0,2025-01-09 07:29:41,20250109
926,1,0,0,0,0,0,0,2025-02-05 00:16:03,20250205
927,1,0,0,0,0,0,0,2025-02-21 01:48:26,20250221
928,1,0,0,0,0,0,0,2025-03-18 08:28:24,20250318
929,0,0,0,0,0,1,0,2025-02-23 19:16:03,20250223
930,1,0,0,0,0,0,0,2025-03-26 19:00:35,20250326
931,1,0,0,0,0,0,0,2025-03-03 17:13:13,20250303
932,1,0,0,0,0,0,0,2025-02-06 05:51:27,20250206
933,1,0,0,0,0,0,0,2025-01-02 13:50:49,20250102
934,1,0,0,0,0,0,0,2025-01-07 13:25:30,20250107
935,1,0,0,0,0,0,0,2025-03-13 03:52:34,20250313
936,1,0,0,0,0,0,0,2025-01-11 01:33:15,20250111
937,0,1,0,0,0,0,0,2025-03-13 09:06:35,20250313
938,0,1,0,0,0,0,0,2025-01-13 22:52:00,20250113
939,1,0,0,0,0,0,0,2025-02-23 00:18:15,20250223
940,1,0,0,0,0,0,0,2025-03-04 09:49:20,20250304
941,1,0,0,0,0,0,0,2025-03-17 15:32:01,20250317
942,1,0,0,0,0,0,0,2025-03-09 12:22:27,20250309
943,1,0,0,0,0,0,0,2025-01-18 16:44:18,20250118
944,0,1,0,0,0,0,0,2025-01-07 03:02:05,20250107
945,0,1,0,0,0,0,0,2025-02-14 10:28:14,20250214
946,1,0,0,0,0,0,0,2025-01-20 13:44:27,20250120
947,1,0,0,0,0,0,0,2025-01-20 08:47:54,20250120
948,0,0,1,0,0,0,0,2025-01-31 15:23:29,20250131
949,0,0,0,1,0,0,0,2025-02-20 00:55:50,20250220
950,1,0,0,0,0,0,0,2025-03-21 04:02:01,20250321
951,1,0,0,0,0,0,0,2025-01-25 14:15:49,20250125
952,1,0,0,0,0,0,0,2025-03-04 19:23:14,20250304
953,1,0,0,0,0,0,0,2025-02-04 15:48:36,20250204
954,0,0,1,0,0,0,0,2025-01-05 15:23:29,20250105
955,0,0,1,0,0,0,0,2025-02-02 05:26:26,20250202
956,1,0,0,0,0,0,0,2025-03-19 14:36:10,20250319
957,1,0,0,0,0,0,0,2025-03-28 08:39:13,20250328
958,1,0,0,0,0,0,0,2025-02-12 16:39:38,20250212
959,0,0,1,0,0,0,0,2025-02-07 12:56:51,20250207
960,1,0,0,0,0,0,0,2025-01-19 03:18:56,20250119
961,1,0,0,0,0,0,0,2025-02-18 07:18:48,20250218
962,1,0,0,0,0,0,0,2025-03-19 09:49:20,20250319
963,1,0,0,0,0,0,0,2025-03-19 18:48:37,20250319
964,1,0,0,0,0,0,0,2025-02-11 05:09:21,20250211
965,1,0,0,0,0,0,0,2025-02-28 11:49:04,20250228
966,0,0,0,0,0,0,1,2025-01-18 12:29:38,20250118
967,1,0,0,0,0,0,0,2025-02-01 04:28:36,20250201
968,1,0,0,0,0,0,0,2025-02-01 20:06:31,20250201
969,1,0,0,0,0,0,0,2025-01-30 18:11:13,20250130
970,1,0,0,0,0,0,0,2025-03-11 16:16:32,20250311
971,1,0,0,0,0,0,0,2025-03-08 23:16:06,20250308
972,1,0,0,0,0,0,0,2025-02-13 09:53:15,20250213
973,1,0,0,0,0,0,0,2025-03-26 11:20:00,20250326
974,0,0,0,1,0,0,0,2025-03-01 16:42:28,20250301
975,0,0,0,0,0,0,1,2025-01-27 15:45:37,20250127
976,1,0,0,0,0,0,0,2025-03-18 20:16:37,20250318
977,0,0,0,0,1,0,0,2025-01-08 06:51:30,20250108
978,1,0,0,0,0,0,0,2025-02-09 10:32:18,20250209
979,1,0,0,0,0,0,0,2025-03-19 18:41:20,20250319
980,0,1,0,0,0,0,0,2025-01-16 12:47:45,20250116
981,0,0,0,0,0,1,0,2025-01-14 20:42:00,20250114
982,0,1,0,0,0,0,0,2025-03-07 20:03:41,20250307
983,0,1,0,0,0,0,0,2025-01-04 09:05:14,20250104
984,1,0,0,0,0,0,0,2025-01-23 21:54:32,20250123
985,0,1,0,0,0,0,0,2025-02-05 13:36:25,20250205
986,1,0,0,0,0,0,0,2025-02-25 01:46:32,20250225
987,1,0,0,0,0,0,0,2025-01-15 21:32:12,20250115
988,1,0,0,0,0,0,0,2025-02-06 00:24:35,20250206
989,1,0,0,0,0,0,0,2025-03-16 02:06:56,20250316
990,1,0,0,0,0,0,0,2025-01-14 08:51:10,20250114
991,1,0,0,0,0,0,0,2025-02-08 15:29:11,20250208
992,1,0,0,0,0,0,0,2025-01-28 01:23:39,20250128
993,1,0,0,0,0,0,0,2025-01-12 00:21:15,20250112
994,1,0,0,0,0,0,0,2025-01-19 01:31:24,20250119
995,1,0,0,0,0,0,0,2025-02-07 13:44:45,20250207
996,0,0,0,1,0,0,0,2025-01-12 10:24:10,20250112
997,1,0,0,0,0,0,0,2025-01-26 06:31:08,20250126
998,0,1,0,0,0,0,0,2025-01-21 19:59:07,20250121
999,0,0,0,0,0,0,1,2025-01-28 17:26:32,20250128
1000,1,0,0,0,0,0,0,2025-02-17 16:34:45,20250217
