User_ID,Stage_Order,Stage_Name,Stage_Date,ID_Date,Avg_Feature_A_Usage,Avg_Feature_B_Usage,Avg_Feature_C_Usage
1,1,Page View,2025-01-13,20250113,81,14,3
2,1,Page View,2025-02-28,20250228,94,35,31
3,1,Page View,2025-03-30,20250330,28,17,94
3,2,CTA Click,2025-04-04,20250404,28,17,94
4,1,Page View,2025-03-08,20250308,13,86,94
4,2,CTA Click,2025-03-15,20250315,13,86,94
5,1,Page View,2025-02-21,20250221,69,11,75
6,1,Page View,2025-02-24,20250224,54,4,3
7,1,Page View,2025-03-29,20250329,11,27,29
7,2,CTA Click,2025-04-03,20250403,11,27,29
8,1,Page View,2025-02-01,20250201,64,77,3
9,1,Page View,2025-03-08,20250308,71,25,91
10,1,Page View,2025-03-29,20250329,83,89,69
11,1,Page View,2025-02-14,20250214,53,28,57
11,2,CTA Click,2025-02-16,20250216,53,28,57
12,1,Page View,2025-02-24,20250224,75,35,0
13,1,Page View,2025-02-08,20250208,97,20,89
13,2,CTA Click,2025-02-11,20250211,97,20,89
14,1,Page View,2025-01-05,20250105,54,43,35
15,1,Page View,2025-02-22,20250222,19,27,97
15,2,CTA Click,2025-02-23,20250223,19,27,97
16,1,Page View,2025-01-18,20250118,43,13,11
17,1,Page View,2025-03-12,20250312,48,12,45
17,2,CTA Click,2025-03-19,20250319,48,12,45
18,1,Page View,2025-03-31,20250331,44,77,33
19,1,Page View,2025-03-06,20250306,5,93,58
20,1,Page View,2025-03-25,20250325,68,15,48
21,1,Page View,2025-02-22,20250222,10,70,37
22,1,Page View,2025-01-22,20250122,80,79,46
23,1,Page View,2025-01-29,20250129,73,24,90
23,2,CTA Click,2025-02-03,20250203,73,24,90
24,1,Page View,2025-01-23,20250123,8,5,84
25,1,Page View,2025-01-27,20250127,29,98,37
26,1,Page View,2025-03-06,20250306,10,29,12
27,1,Page View,2025-03-27,20250327,48,35,58
27,2,CTA Click,2025-03-29,20250329,48,35,58
28,1,Page View,2025-01-04,20250104,81,46,20
29,1,Page View,2025-03-26,20250326,47,45,26
30,1,Page View,2025-02-09,20250209,85,34,89
30,2,CTA Click,2025-02-13,20250213,85,34,89
31,1,Page View,2025-03-17,20250317,87,82,9
31,2,CTA Click,2025-03-18,20250318,87,82,9
32,1,Page View,2025-03-30,20250330,77,81,21
33,1,Page View,2025-02-28,20250228,68,93,31
34,1,Page View,2025-03-27,20250327,20,59,48
35,1,Page View,2025-01-30,20250130,34,81,88
36,1,Page View,2025-02-27,20250227,71,28,87
37,1,Page View,2025-02-11,20250211,41,98,99
38,1,Page View,2025-02-03,20250203,7,29,4
39,1,Page View,2025-01-31,20250131,40,51,34
39,2,CTA Click,2025-02-07,20250207,40,51,34
40,1,Page View,2025-01-18,20250118,8,27,72
41,1,Page View,2025-03-24,20250324,91,40,27
42,1,Page View,2025-01-15,20250115,83,63,50
42,2,CTA Click,2025-01-22,20250122,83,63,50
42,3,Signup,2025-01-24,20250124,83,63,50
43,1,Page View,2025-01-14,20250114,82,58,18
44,1,Page View,2025-02-02,20250202,33,17,31
45,1,Page View,2025-03-24,20250324,95,71,68
45,2,CTA Click,2025-03-27,20250327,95,71,68
45,3,Signup,2025-04-01,20250401,95,71,68
45,4,First Data Connection,2025-04-03,20250403,95,71,68
46,1,Page View,2025-03-26,20250326,33,95,74
47,1,Page View,2025-02-27,20250227,54,74,51
47,2,CTA Click,2025-03-05,20250305,54,74,51
48,1,Page View,2025-03-30,20250330,46,28,17
49,1,Page View,2025-01-02,20250102,65,63,11
49,2,CTA Click,2025-01-04,20250104,65,63,11
49,3,Signup,2025-01-10,20250110,65,63,11
49,4,First Data Connection,2025-01-17,20250117,65,63,11
49,5,First Dashboard Created,2025-01-20,20250120,65,63,11
49,6,Features Engagement,2025-01-26,20250126,65,63,11
50,1,Page View,2025-03-17,20250317,96,6,14
51,1,Page View,2025-03-04,20250304,19,80,20
52,1,Page View,2025-02-19,20250219,87,54,76
53,1,Page View,2025-03-12,20250312,8,49,48
54,1,Page View,2025-02-05,20250205,76,59,67
54,2,CTA Click,2025-02-09,20250209,76,59,67
54,3,Signup,2025-02-11,20250211,76,59,67
54,4,First Data Connection,2025-02-18,20250218,76,59,67
55,1,Page View,2025-02-23,20250223,32,70,1
56,1,Page View,2025-01-29,20250129,87,92,14
56,2,CTA Click,2025-01-31,20250131,87,92,14
57,1,Page View,2025-03-22,20250322,87,68,96
58,1,Page View,2025-03-08,20250308,34,98,82
59,1,Page View,2025-02-17,20250217,43,14,37
59,2,CTA Click,2025-02-24,20250224,43,14,37
60,1,Page View,2025-03-13,20250313,55,20,58
61,1,Page View,2025-03-11,20250311,0,92,92
62,1,Page View,2025-03-28,20250328,33,64,97
63,1,Page View,2025-02-20,20250220,22,64,13
63,2,CTA Click,2025-02-21,20250221,22,64,13
63,3,Signup,2025-03-01,20250301,22,64,13
63,4,First Data Connection,2025-03-08,20250308,22,64,13
63,5,First Dashboard Created,2025-03-12,20250312,22,64,13
63,6,Features Engagement,2025-03-20,20250320,22,64,13
64,1,Page View,2025-01-01,20250101,80,38,81
64,2,CTA Click,2025-01-04,20250104,80,38,81
65,1,Page View,2025-03-03,20250303,64,77,25
66,1,Page View,2025-03-06,20250306,19,47,97
66,2,CTA Click,2025-03-10,20250310,19,47,97
66,3,Signup,2025-03-11,20250311,19,47,97
66,4,First Data Connection,2025-03-17,20250317,19,47,97
67,1,Page View,2025-01-27,20250127,20,69,99
68,1,Page View,2025-03-20,20250320,67,0,76
69,1,Page View,2025-03-30,20250330,41,62,2
69,2,CTA Click,2025-04-01,20250401,41,62,2
70,1,Page View,2025-01-19,20250119,14,46,39
71,1,Page View,2025-02-04,20250204,30,7,30
72,1,Page View,2025-02-09,20250209,72,10,10
73,1,Page View,2025-03-09,20250309,93,62,8
74,1,Page View,2025-03-24,20250324,97,68,98
75,1,Page View,2025-03-05,20250305,16,16,84
75,2,CTA Click,2025-03-12,20250312,16,16,84
75,3,Signup,2025-03-13,20250313,16,16,84
75,4,First Data Connection,2025-03-18,20250318,16,16,84
75,5,First Dashboard Created,2025-03-24,20250324,16,16,84
75,6,Features Engagement,2025-03-26,20250326,16,16,84
75,7,Paid Conversion,2025-03-27,20250327,16,16,84
76,1,Page View,2025-03-04,20250304,60,70,21
76,2,CTA Click,2025-03-12,20250312,60,70,21
77,1,Page View,2025-03-31,20250331,33,67,77
77,2,CTA Click,2025-04-01,20250401,33,67,77
77,3,Signup,2025-04-04,20250404,33,67,77
78,1,Page View,2025-01-08,20250108,54,27,69
79,1,Page View,2025-02-24,20250224,96,93,88
79,2,CTA Click,2025-03-02,20250302,96,93,88
79,3,Signup,2025-03-05,20250305,96,93,88
80,1,Page View,2025-03-15,20250315,25,91,39
81,1,Page View,2025-01-30,20250130,51,85,83
81,2,CTA Click,2025-02-01,20250201,51,85,83
81,3,Signup,2025-02-04,20250204,51,85,83
81,4,First Data Connection,2025-02-12,20250212,51,85,83
82,1,Page View,2025-03-15,20250315,47,56,66
83,1,Page View,2025-03-08,20250308,57,15,31
83,2,CTA Click,2025-03-15,20250315,57,15,31
84,1,Page View,2025-02-12,20250212,28,8,43
85,1,Page View,2025-03-16,20250316,2,75,70
86,1,Page View,2025-03-17,20250317,29,75,28
87,1,Page View,2025-03-18,20250318,0,9,90
88,1,Page View,2025-02-23,20250223,80,7,29
89,1,Page View,2025-02-26,20250226,8,4,42
90,1,Page View,2025-03-02,20250302,9,65,30
91,1,Page View,2025-01-08,20250108,35,85,62
91,2,CTA Click,2025-01-12,20250112,35,85,62
92,1,Page View,2025-02-07,20250207,27,69,16
93,1,Page View,2025-01-01,20250101,92,73,73
94,1,Page View,2025-01-27,20250127,60,31,100
95,1,Page View,2025-02-11,20250211,60,52,24
96,1,Page View,2025-02-09,20250209,12,12,84
97,1,Page View,2025-02-23,20250223,55,45,54
98,1,Page View,2025-02-01,20250201,52,59,93
99,1,Page View,2025-02-10,20250210,6,86,83
100,1,Page View,2025-02-24,20250224,82,12,7
100,2,CTA Click,2025-02-27,20250227,82,12,7
101,1,Page View,2025-01-17,20250117,51,93,43
102,1,Page View,2025-02-17,20250217,13,31,24
103,1,Page View,2025-01-27,20250127,24,68,57
104,1,Page View,2025-01-08,20250108,17,54,23
105,1,Page View,2025-03-11,20250311,35,59,31
105,2,CTA Click,2025-03-18,20250318,35,59,31
105,3,Signup,2025-03-24,20250324,35,59,31
105,4,First Data Connection,2025-03-27,20250327,35,59,31
105,5,First Dashboard Created,2025-03-28,20250328,35,59,31
106,1,Page View,2025-02-02,20250202,9,56,70
106,2,CTA Click,2025-02-10,20250210,9,56,70
106,3,Signup,2025-02-14,20250214,9,56,70
106,4,First Data Connection,2025-02-19,20250219,9,56,70
106,5,First Dashboard Created,2025-02-24,20250224,9,56,70
107,1,Page View,2025-02-28,20250228,12,6,83
108,1,Page View,2025-01-18,20250118,69,1,11
109,1,Page View,2025-03-09,20250309,96,30,21
110,1,Page View,2025-03-17,20250317,52,62,61
110,2,CTA Click,2025-03-20,20250320,52,62,61
110,3,Signup,2025-03-24,20250324,52,62,61
110,4,First Data Connection,2025-04-01,20250401,52,62,61
110,5,First Dashboard Created,2025-04-04,20250404,52,62,61
110,6,Features Engagement,2025-04-09,20250409,52,62,61
111,1,Page View,2025-03-16,20250316,27,51,7
112,1,Page View,2025-02-14,20250214,21,48,0
112,2,CTA Click,2025-02-21,20250221,21,48,0
112,3,Signup,2025-02-25,20250225,21,48,0
112,4,First Data Connection,2025-03-04,20250304,21,48,0
112,5,First Dashboard Created,2025-03-12,20250312,21,48,0
112,6,Features Engagement,2025-03-19,20250319,21,48,0
113,1,Page View,2025-01-25,20250125,49,33,100
114,1,Page View,2025-03-18,20250318,100,58,36
114,2,CTA Click,2025-03-22,20250322,100,58,36
115,1,Page View,2025-02-08,20250208,54,89,93
116,1,Page View,2025-03-26,20250326,100,71,84
116,2,CTA Click,2025-04-02,20250402,100,71,84
116,3,Signup,2025-04-07,20250407,100,71,84
116,4,First Data Connection,2025-04-14,20250414,100,71,84
117,1,Page View,2025-03-30,20250330,91,62,19
118,1,Page View,2025-03-05,20250305,24,37,27
118,2,CTA Click,2025-03-12,20250312,24,37,27
119,1,Page View,2025-02-24,20250224,7,74,94
120,1,Page View,2025-03-15,20250315,69,7,95
121,1,Page View,2025-01-10,20250110,40,7,6
122,1,Page View,2025-02-20,20250220,74,61,64
123,1,Page View,2025-01-22,20250122,67,20,7
124,1,Page View,2025-03-16,20250316,65,10,23
125,1,Page View,2025-01-15,20250115,8,76,8
126,1,Page View,2025-01-29,20250129,86,30,51
127,1,Page View,2025-03-12,20250312,15,72,31
128,1,Page View,2025-02-14,20250214,74,76,5
129,1,Page View,2025-02-03,20250203,79,10,53
130,1,Page View,2025-03-09,20250309,84,74,72
131,1,Page View,2025-01-05,20250105,66,40,33
132,1,Page View,2025-02-03,20250203,26,85,91
133,1,Page View,2025-01-16,20250116,40,30,33
134,1,Page View,2025-02-23,20250223,50,16,85
135,1,Page View,2025-02-14,20250214,82,38,58
136,1,Page View,2025-01-19,20250119,40,96,9
137,1,Page View,2025-01-03,20250103,1,58,79
138,1,Page View,2025-02-13,20250213,72,12,9
138,2,CTA Click,2025-02-19,20250219,72,12,9
138,3,Signup,2025-02-23,20250223,72,12,9
139,1,Page View,2025-03-15,20250315,68,27,64
140,1,Page View,2025-03-19,20250319,33,16,44
141,1,Page View,2025-02-01,20250201,8,31,47
142,1,Page View,2025-03-07,20250307,36,20,56
143,1,Page View,2025-03-04,20250304,69,90,38
144,1,Page View,2025-02-08,20250208,78,83,67
145,1,Page View,2025-03-24,20250324,1,85,70
146,1,Page View,2025-03-07,20250307,38,84,13
147,1,Page View,2025-02-27,20250227,17,33,14
147,2,CTA Click,2025-02-28,20250228,17,33,14
147,3,Signup,2025-03-03,20250303,17,33,14
147,4,First Data Connection,2025-03-06,20250306,17,33,14
148,1,Page View,2025-01-14,20250114,13,95,70
149,1,Page View,2025-01-14,20250114,19,34,36
150,1,Page View,2025-02-17,20250217,77,26,91
151,1,Page View,2025-03-04,20250304,43,26,87
152,1,Page View,2025-01-29,20250129,81,33,64
153,1,Page View,2025-02-13,20250213,62,32,6
154,1,Page View,2025-01-01,20250101,11,81,54
154,2,CTA Click,2025-01-06,20250106,11,81,54
154,3,Signup,2025-01-08,20250108,11,81,54
155,1,Page View,2025-02-09,20250209,35,5,0
156,1,Page View,2025-03-23,20250323,42,98,16
157,1,Page View,2025-02-24,20250224,81,33,20
158,1,Page View,2025-01-27,20250127,94,56,70
159,1,Page View,2025-03-17,20250317,90,54,71
160,1,Page View,2025-03-16,20250316,1,14,9
160,2,CTA Click,2025-03-21,20250321,1,14,9
161,1,Page View,2025-01-27,20250127,88,19,69
162,1,Page View,2025-02-05,20250205,4,47,74
162,2,CTA Click,2025-02-10,20250210,4,47,74
163,1,Page View,2025-02-11,20250211,70,18,55
164,1,Page View,2025-01-29,20250129,16,5,39
164,2,CTA Click,2025-02-05,20250205,16,5,39
165,1,Page View,2025-03-21,20250321,46,5,45
166,1,Page View,2025-01-12,20250112,26,87,31
166,2,CTA Click,2025-01-19,20250119,26,87,31
166,3,Signup,2025-01-22,20250122,26,87,31
167,1,Page View,2025-03-01,20250301,85,13,45
167,2,CTA Click,2025-03-07,20250307,85,13,45
167,3,Signup,2025-03-10,20250310,85,13,45
168,1,Page View,2025-03-20,20250320,99,71,52
168,2,CTA Click,2025-03-22,20250322,99,71,52
169,1,Page View,2025-02-22,20250222,79,95,19
170,1,Page View,2025-01-29,20250129,30,20,22
170,2,CTA Click,2025-02-02,20250202,30,20,22
170,3,Signup,2025-02-06,20250206,30,20,22
170,4,First Data Connection,2025-02-12,20250212,30,20,22
170,5,First Dashboard Created,2025-02-14,20250214,30,20,22
170,6,Features Engagement,2025-02-16,20250216,30,20,22
171,1,Page View,2025-03-26,20250326,52,3,22
172,1,Page View,2025-02-01,20250201,94,42,100
173,1,Page View,2025-03-07,20250307,52,85,94
173,2,CTA Click,2025-03-12,20250312,52,85,94
174,1,Page View,2025-03-02,20250302,31,34,20
175,1,Page View,2025-03-03,20250303,100,89,13
176,1,Page View,2025-03-14,20250314,48,4,60
177,1,Page View,2025-02-17,20250217,28,25,58
178,1,Page View,2025-03-17,20250317,44,39,29
179,1,Page View,2025-02-14,20250214,28,3,84
179,2,CTA Click,2025-02-21,20250221,28,3,84
180,1,Page View,2025-02-08,20250208,24,51,42
180,2,CTA Click,2025-02-11,20250211,24,51,42
181,1,Page View,2025-02-01,20250201,35,8,98
182,1,Page View,2025-02-26,20250226,35,44,82
183,1,Page View,2025-03-18,20250318,65,51,86
183,2,CTA Click,2025-03-21,20250321,65,51,86
183,3,Signup,2025-03-22,20250322,65,51,86
184,1,Page View,2025-03-25,20250325,68,42,3
185,1,Page View,2025-02-11,20250211,14,33,22
186,1,Page View,2025-01-30,20250130,74,33,4
186,2,CTA Click,2025-02-01,20250201,74,33,4
186,3,Signup,2025-02-03,20250203,74,33,4
187,1,Page View,2025-03-06,20250306,13,76,55
188,1,Page View,2025-03-02,20250302,44,93,100
189,1,Page View,2025-01-09,20250109,40,55,77
190,1,Page View,2025-02-16,20250216,65,14,49
191,1,Page View,2025-02-20,20250220,73,24,32
192,1,Page View,2025-03-09,20250309,5,90,55
193,1,Page View,2025-02-11,20250211,0,66,68
193,2,CTA Click,2025-02-17,20250217,0,66,68
193,3,Signup,2025-02-21,20250221,0,66,68
193,4,First Data Connection,2025-02-23,20250223,0,66,68
193,5,First Dashboard Created,2025-02-25,20250225,0,66,68
193,6,Features Engagement,2025-02-26,20250226,0,66,68
194,1,Page View,2025-03-17,20250317,87,92,94
195,1,Page View,2025-03-07,20250307,94,85,25
196,1,Page View,2025-01-01,20250101,46,55,8
197,1,Page View,2025-02-04,20250204,85,42,79
198,1,Page View,2025-01-15,20250115,40,84,15
199,1,Page View,2025-03-25,20250325,92,38,64
200,1,Page View,2025-01-14,20250114,39,85,52
200,2,CTA Click,2025-01-21,20250121,39,85,52
200,3,Signup,2025-01-27,20250127,39,85,52
201,1,Page View,2025-01-14,20250114,41,51,89
202,1,Page View,2025-01-25,20250125,37,70,16
203,1,Page View,2025-02-28,20250228,24,53,85
204,1,Page View,2025-03-05,20250305,48,86,95
204,2,CTA Click,2025-03-09,20250309,48,86,95
205,1,Page View,2025-03-14,20250314,22,78,72
206,1,Page View,2025-03-18,20250318,38,51,70
207,1,Page View,2025-01-11,20250111,0,38,36
208,1,Page View,2025-01-07,20250107,26,55,100
209,1,Page View,2025-01-31,20250131,74,77,83
209,2,CTA Click,2025-02-03,20250203,74,77,83
209,3,Signup,2025-02-11,20250211,74,77,83
209,4,First Data Connection,2025-02-15,20250215,74,77,83
209,5,First Dashboard Created,2025-02-20,20250220,74,77,83
209,6,Features Engagement,2025-02-28,20250228,74,77,83
210,1,Page View,2025-01-07,20250107,41,59,56
211,1,Page View,2025-03-31,20250331,56,86,27
212,1,Page View,2025-03-03,20250303,65,60,94
213,1,Page View,2025-02-11,20250211,21,84,10
213,2,CTA Click,2025-02-17,20250217,21,84,10
214,1,Page View,2025-03-01,20250301,36,65,84
215,1,Page View,2025-01-08,20250108,81,79,42
216,1,Page View,2025-01-16,20250116,11,96,30
216,2,CTA Click,2025-01-21,20250121,11,96,30
216,3,Signup,2025-01-26,20250126,11,96,30
216,4,First Data Connection,2025-02-02,20250202,11,96,30
216,5,First Dashboard Created,2025-02-09,20250209,11,96,30
216,6,Features Engagement,2025-02-10,20250210,11,96,30
217,1,Page View,2025-03-24,20250324,86,39,28
217,2,CTA Click,2025-03-26,20250326,86,39,28
218,1,Page View,2025-01-12,20250112,25,18,3
218,2,CTA Click,2025-01-17,20250117,25,18,3
218,3,Signup,2025-01-22,20250122,25,18,3
218,4,First Data Connection,2025-01-26,20250126,25,18,3
219,1,Page View,2025-03-10,20250310,5,31,60
220,1,Page View,2025-02-03,20250203,78,98,9
221,1,Page View,2025-03-11,20250311,58,53,80
221,2,CTA Click,2025-03-15,20250315,58,53,80
222,1,Page View,2025-03-26,20250326,73,24,91
222,2,CTA Click,2025-03-29,20250329,73,24,91
223,1,Page View,2025-02-11,20250211,89,49,63
224,1,Page View,2025-03-11,20250311,51,31,18
225,1,Page View,2025-02-14,20250214,83,88,0
226,1,Page View,2025-03-25,20250325,96,98,13
227,1,Page View,2025-01-25,20250125,99,54,28
228,1,Page View,2025-03-07,20250307,22,89,66
228,2,CTA Click,2025-03-13,20250313,22,89,66
228,3,Signup,2025-03-16,20250316,22,89,66
229,1,Page View,2025-01-02,20250102,59,6,71
229,2,CTA Click,2025-01-04,20250104,59,6,71
229,3,Signup,2025-01-08,20250108,59,6,71
230,1,Page View,2025-03-25,20250325,31,15,58
231,1,Page View,2025-03-11,20250311,17,59,85
231,2,CTA Click,2025-03-18,20250318,17,59,85
232,1,Page View,2025-02-10,20250210,67,71,76
233,1,Page View,2025-01-08,20250108,40,96,56
234,1,Page View,2025-03-07,20250307,78,92,64
235,1,Page View,2025-02-20,20250220,54,70,57
236,1,Page View,2025-02-15,20250215,20,95,60
237,1,Page View,2025-01-31,20250131,57,33,96
237,2,CTA Click,2025-02-03,20250203,57,33,96
238,1,Page View,2025-01-20,20250120,31,81,35
239,1,Page View,2025-03-13,20250313,98,99,66
239,2,CTA Click,2025-03-19,20250319,98,99,66
240,1,Page View,2025-02-17,20250217,62,80,30
241,1,Page View,2025-02-23,20250223,35,56,9
241,2,CTA Click,2025-03-02,20250302,35,56,9
242,1,Page View,2025-01-03,20250103,91,36,30
242,2,CTA Click,2025-01-06,20250106,91,36,30
242,3,Signup,2025-01-10,20250110,91,36,30
242,4,First Data Connection,2025-01-17,20250117,91,36,30
243,1,Page View,2025-02-06,20250206,34,42,40
243,2,CTA Click,2025-02-13,20250213,34,42,40
244,1,Page View,2025-01-24,20250124,69,10,17
245,1,Page View,2025-01-14,20250114,19,29,49
245,2,CTA Click,2025-01-21,20250121,19,29,49
245,3,Signup,2025-01-22,20250122,19,29,49
245,4,First Data Connection,2025-01-25,20250125,19,29,49
245,5,First Dashboard Created,2025-01-29,20250129,19,29,49
245,6,Features Engagement,2025-02-02,20250202,19,29,49
246,1,Page View,2025-03-03,20250303,88,19,90
247,1,Page View,2025-02-25,20250225,27,8,53
248,1,Page View,2025-01-13,20250113,52,42,69
249,1,Page View,2025-01-31,20250131,59,53,7
250,1,Page View,2025-03-13,20250313,26,53,49
250,2,CTA Click,2025-03-16,20250316,26,53,49
251,1,Page View,2025-01-20,20250120,98,74,89
252,1,Page View,2025-01-11,20250111,2,97,73
253,1,Page View,2025-02-09,20250209,48,61,0
254,1,Page View,2025-03-16,20250316,45,38,96
255,1,Page View,2025-01-26,20250126,49,53,68
256,1,Page View,2025-03-20,20250320,95,94,69
257,1,Page View,2025-03-09,20250309,77,28,62
257,2,CTA Click,2025-03-14,20250314,77,28,62
258,1,Page View,2025-03-11,20250311,28,34,55
259,1,Page View,2025-01-05,20250105,62,3,49
260,1,Page View,2025-01-17,20250117,43,85,86
261,1,Page View,2025-02-23,20250223,51,92,21
261,2,CTA Click,2025-03-02,20250302,51,92,21
261,3,Signup,2025-03-04,20250304,51,92,21
262,1,Page View,2025-01-14,20250114,59,16,79
262,2,CTA Click,2025-01-15,20250115,59,16,79
263,1,Page View,2025-03-21,20250321,68,3,50
264,1,Page View,2025-03-04,20250304,75,72,84
265,1,Page View,2025-03-31,20250331,3,10,82
266,1,Page View,2025-01-07,20250107,54,17,59
267,1,Page View,2025-01-13,20250113,23,6,33
268,1,Page View,2025-02-14,20250214,48,41,27
269,1,Page View,2025-02-12,20250212,58,41,43
269,2,CTA Click,2025-02-19,20250219,58,41,43
269,3,Signup,2025-02-23,20250223,58,41,43
269,4,First Data Connection,2025-02-28,20250228,58,41,43
270,1,Page View,2025-01-19,20250119,97,48,35
271,1,Page View,2025-01-15,20250115,96,53,32
272,1,Page View,2025-01-24,20250124,10,60,2
273,1,Page View,2025-03-27,20250327,95,69,6
274,1,Page View,2025-01-28,20250128,44,28,83
275,1,Page View,2025-03-04,20250304,8,99,83
276,1,Page View,2025-03-19,20250319,5,96,3
277,1,Page View,2025-03-17,20250317,31,25,2
277,2,CTA Click,2025-03-24,20250324,31,25,2
277,3,Signup,2025-03-29,20250329,31,25,2
277,4,First Data Connection,2025-04-06,20250406,31,25,2
277,5,First Dashboard Created,2025-04-09,20250409,31,25,2
277,6,Features Engagement,2025-04-15,20250415,31,25,2
278,1,Page View,2025-01-31,20250131,79,19,30
279,1,Page View,2025-03-20,20250320,16,60,85
280,1,Page View,2025-02-15,20250215,14,72,27
281,1,Page View,2025-01-23,20250123,59,89,32
281,2,CTA Click,2025-01-25,20250125,59,89,32
282,1,Page View,2025-02-21,20250221,98,47,21
283,1,Page View,2025-01-22,20250122,77,77,95
283,2,CTA Click,2025-01-27,20250127,77,77,95
284,1,Page View,2025-02-27,20250227,91,14,99
285,1,Page View,2025-01-03,20250103,20,39,13
285,2,CTA Click,2025-01-10,20250110,20,39,13
285,3,Signup,2025-01-16,20250116,20,39,13
285,4,First Data Connection,2025-01-18,20250118,20,39,13
286,1,Page View,2025-01-18,20250118,74,3,39
287,1,Page View,2025-01-23,20250123,73,86,48
288,1,Page View,2025-02-16,20250216,50,91,25
289,1,Page View,2025-01-20,20250120,9,75,88
289,2,CTA Click,2025-01-27,20250127,9,75,88
289,3,Signup,2025-01-31,20250131,9,75,88
289,4,First Data Connection,2025-02-07,20250207,9,75,88
290,1,Page View,2025-03-10,20250310,80,31,13
291,1,Page View,2025-03-25,20250325,89,98,38
291,2,CTA Click,2025-03-28,20250328,89,98,38
292,1,Page View,2025-02-02,20250202,87,76,15
293,1,Page View,2025-01-16,20250116,72,100,5
294,1,Page View,2025-02-17,20250217,44,68,54
294,2,CTA Click,2025-02-23,20250223,44,68,54
295,1,Page View,2025-03-01,20250301,84,47,8
296,1,Page View,2025-02-27,20250227,64,82,43
297,1,Page View,2025-03-13,20250313,1,53,62
298,1,Page View,2025-03-12,20250312,13,55,46
299,1,Page View,2025-03-16,20250316,81,58,90
300,1,Page View,2025-01-31,20250131,19,55,22
301,1,Page View,2025-02-24,20250224,93,66,83
302,1,Page View,2025-03-14,20250314,34,78,68
303,1,Page View,2025-02-01,20250201,99,61,59
304,1,Page View,2025-01-09,20250109,55,93,75
304,2,CTA Click,2025-01-17,20250117,55,93,75
304,3,Signup,2025-01-24,20250124,55,93,75
305,1,Page View,2025-01-25,20250125,34,41,31
306,1,Page View,2025-03-18,20250318,11,35,57
307,1,Page View,2025-02-12,20250212,31,96,59
308,1,Page View,2025-03-27,20250327,72,78,85
308,2,CTA Click,2025-04-01,20250401,72,78,85
308,3,Signup,2025-04-06,20250406,72,78,85
308,4,First Data Connection,2025-04-11,20250411,72,78,85
308,5,First Dashboard Created,2025-04-13,20250413,72,78,85
308,6,Features Engagement,2025-04-21,20250421,72,78,85
309,1,Page View,2025-01-08,20250108,48,43,3
310,1,Page View,2025-01-31,20250131,63,41,23
311,1,Page View,2025-01-17,20250117,62,27,45
312,1,Page View,2025-02-23,20250223,33,43,35
312,2,CTA Click,2025-02-24,20250224,33,43,35
313,1,Page View,2025-03-10,20250310,76,89,35
313,2,CTA Click,2025-03-12,20250312,76,89,35
313,3,Signup,2025-03-18,20250318,76,89,35
314,1,Page View,2025-01-10,20250110,71,1,66
315,1,Page View,2025-02-09,20250209,24,10,30
315,2,CTA Click,2025-02-16,20250216,24,10,30
315,3,Signup,2025-02-23,20250223,24,10,30
315,4,First Data Connection,2025-02-26,20250226,24,10,30
315,5,First Dashboard Created,2025-03-02,20250302,24,10,30
315,6,Features Engagement,2025-03-03,20250303,24,10,30
316,1,Page View,2025-02-17,20250217,92,52,62
317,1,Page View,2025-02-11,20250211,71,97,30
318,1,Page View,2025-03-02,20250302,88,60,82
318,2,CTA Click,2025-03-08,20250308,88,60,82
319,1,Page View,2025-01-17,20250117,91,62,57
320,1,Page View,2025-02-15,20250215,2,11,37
320,2,CTA Click,2025-02-23,20250223,2,11,37
320,3,Signup,2025-02-26,20250226,2,11,37
320,4,First Data Connection,2025-03-03,20250303,2,11,37
320,5,First Dashboard Created,2025-03-09,20250309,2,11,37
320,6,Features Engagement,2025-03-11,20250311,2,11,37
321,1,Page View,2025-03-27,20250327,28,51,88
322,1,Page View,2025-01-05,20250105,31,39,84
323,1,Page View,2025-01-22,20250122,74,47,60
324,1,Page View,2025-01-15,20250115,70,67,44
325,1,Page View,2025-02-03,20250203,54,95,70
326,1,Page View,2025-03-15,20250315,42,45,89
327,1,Page View,2025-03-23,20250323,58,34,39
328,1,Page View,2025-02-21,20250221,32,29,15
329,1,Page View,2025-01-23,20250123,92,24,40
330,1,Page View,2025-03-29,20250329,15,95,68
331,1,Page View,2025-03-29,20250329,97,88,23
332,1,Page View,2025-03-02,20250302,24,27,94
333,1,Page View,2025-02-13,20250213,61,35,92
333,2,CTA Click,2025-02-15,20250215,61,35,92
333,3,Signup,2025-02-18,20250218,61,35,92
333,4,First Data Connection,2025-02-20,20250220,61,35,92
333,5,First Dashboard Created,2025-02-24,20250224,61,35,92
334,1,Page View,2025-03-21,20250321,75,97,67
335,1,Page View,2025-01-26,20250126,76,36,12
335,2,CTA Click,2025-01-29,20250129,76,36,12
336,1,Page View,2025-02-23,20250223,24,37,29
337,1,Page View,2025-03-31,20250331,46,22,38
338,1,Page View,2025-03-02,20250302,1,90,68
338,2,CTA Click,2025-03-08,20250308,1,90,68
339,1,Page View,2025-01-15,20250115,16,35,5
340,1,Page View,2025-03-15,20250315,6,70,37
341,1,Page View,2025-01-10,20250110,89,16,81
342,1,Page View,2025-03-27,20250327,96,62,13
342,2,CTA Click,2025-03-31,20250331,96,62,13
342,3,Signup,2025-04-03,20250403,96,62,13
343,1,Page View,2025-02-15,20250215,1,73,36
344,1,Page View,2025-01-14,20250114,60,61,56
345,1,Page View,2025-02-09,20250209,43,23,6
346,1,Page View,2025-02-02,20250202,32,61,14
346,2,CTA Click,2025-02-08,20250208,32,61,14
346,3,Signup,2025-02-10,20250210,32,61,14
347,1,Page View,2025-03-21,20250321,8,51,62
348,1,Page View,2025-03-23,20250323,9,73,80
349,1,Page View,2025-01-23,20250123,87,6,19
349,2,CTA Click,2025-01-25,20250125,87,6,19
349,3,Signup,2025-02-01,20250201,87,6,19
349,4,First Data Connection,2025-02-08,20250208,87,6,19
349,5,First Dashboard Created,2025-02-12,20250212,87,6,19
349,6,Features Engagement,2025-02-18,20250218,87,6,19
350,1,Page View,2025-03-30,20250330,19,72,38
351,1,Page View,2025-03-15,20250315,10,31,15
351,2,CTA Click,2025-03-21,20250321,10,31,15
352,1,Page View,2025-01-16,20250116,71,97,53
353,1,Page View,2025-02-09,20250209,77,76,79
353,2,CTA Click,2025-02-11,20250211,77,76,79
354,1,Page View,2025-03-26,20250326,28,99,66
355,1,Page View,2025-01-25,20250125,48,57,56
355,2,CTA Click,2025-01-26,20250126,48,57,56
356,1,Page View,2025-01-27,20250127,38,75,54
356,2,CTA Click,2025-01-31,20250131,38,75,54
357,1,Page View,2025-01-13,20250113,39,72,79
358,1,Page View,2025-02-17,20250217,7,78,94
359,1,Page View,2025-03-26,20250326,12,97,26
360,1,Page View,2025-02-03,20250203,80,27,33
361,1,Page View,2025-03-08,20250308,84,10,20
361,2,CTA Click,2025-03-10,20250310,84,10,20
362,1,Page View,2025-03-24,20250324,30,22,70
363,1,Page View,2025-03-04,20250304,9,20,0
363,2,CTA Click,2025-03-07,20250307,9,20,0
363,3,Signup,2025-03-11,20250311,9,20,0
364,1,Page View,2025-03-17,20250317,52,57,88
365,1,Page View,2025-01-13,20250113,76,60,37
366,1,Page View,2025-01-01,20250101,4,29,36
367,1,Page View,2025-01-30,20250130,90,36,89
368,1,Page View,2025-03-28,20250328,58,9,87
369,1,Page View,2025-01-22,20250122,29,33,100
370,1,Page View,2025-03-22,20250322,80,75,84
371,1,Page View,2025-01-01,20250101,25,54,14
372,1,Page View,2025-02-27,20250227,69,28,82
373,1,Page View,2025-01-11,20250111,19,34,18
374,1,Page View,2025-01-27,20250127,9,7,21
375,1,Page View,2025-01-26,20250126,39,76,95
375,2,CTA Click,2025-02-02,20250202,39,76,95
375,3,Signup,2025-02-05,20250205,39,76,95
376,1,Page View,2025-03-29,20250329,72,36,56
376,2,CTA Click,2025-03-31,20250331,72,36,56
377,1,Page View,2025-03-12,20250312,15,59,88
378,1,Page View,2025-01-29,20250129,38,89,51
379,1,Page View,2025-03-13,20250313,34,64,69
380,1,Page View,2025-02-25,20250225,63,56,10
380,2,CTA Click,2025-03-04,20250304,63,56,10
381,1,Page View,2025-03-03,20250303,76,5,55
382,1,Page View,2025-03-07,20250307,94,41,77
382,2,CTA Click,2025-03-11,20250311,94,41,77
382,3,Signup,2025-03-14,20250314,94,41,77
383,1,Page View,2025-01-18,20250118,32,3,11
383,2,CTA Click,2025-01-21,20250121,32,3,11
383,3,Signup,2025-01-25,20250125,32,3,11
384,1,Page View,2025-02-24,20250224,29,86,73
384,2,CTA Click,2025-03-03,20250303,29,86,73
385,1,Page View,2025-01-22,20250122,75,2,97
386,1,Page View,2025-01-30,20250130,86,34,73
386,2,CTA Click,2025-02-04,20250204,86,34,73
387,1,Page View,2025-02-15,20250215,5,97,96
388,1,Page View,2025-03-26,20250326,22,60,66
389,1,Page View,2025-03-02,20250302,83,56,35
390,1,Page View,2025-02-18,20250218,23,74,55
390,2,CTA Click,2025-02-20,20250220,23,74,55
390,3,Signup,2025-02-25,20250225,23,74,55
391,1,Page View,2025-01-15,20250115,81,62,11
391,2,CTA Click,2025-01-17,20250117,81,62,11
391,3,Signup,2025-01-21,20250121,81,62,11
392,1,Page View,2025-03-25,20250325,60,44,52
393,1,Page View,2025-02-17,20250217,42,41,85
393,2,CTA Click,2025-02-21,20250221,42,41,85
394,1,Page View,2025-01-01,20250101,13,20,42
395,1,Page View,2025-03-17,20250317,52,88,63
396,1,Page View,2025-02-17,20250217,36,84,51
396,2,CTA Click,2025-02-24,20250224,36,84,51
397,1,Page View,2025-02-11,20250211,97,70,4
398,1,Page View,2025-02-07,20250207,58,11,40
398,2,CTA Click,2025-02-08,20250208,58,11,40
398,3,Signup,2025-02-13,20250213,58,11,40
398,4,First Data Connection,2025-02-20,20250220,58,11,40
398,5,First Dashboard Created,2025-02-21,20250221,58,11,40
398,6,Features Engagement,2025-03-01,20250301,58,11,40
399,1,Page View,2025-03-02,20250302,32,41,14
400,1,Page View,2025-03-27,20250327,98,51,65
401,1,Page View,2025-02-07,20250207,0,84,69
402,1,Page View,2025-01-07,20250107,59,52,6
403,1,Page View,2025-01-29,20250129,24,66,46
404,1,Page View,2025-02-02,20250202,79,96,63
405,1,Page View,2025-03-29,20250329,80,56,97
406,1,Page View,2025-01-17,20250117,6,26,34
406,2,CTA Click,2025-01-24,20250124,6,26,34
407,1,Page View,2025-01-13,20250113,70,16,36
408,1,Page View,2025-01-17,20250117,56,89,62
409,1,Page View,2025-03-18,20250318,15,3,80
409,2,CTA Click,2025-03-20,20250320,15,3,80
410,1,Page View,2025-03-02,20250302,77,30,90
410,2,CTA Click,2025-03-04,20250304,77,30,90
411,1,Page View,2025-01-02,20250102,20,39,70
412,1,Page View,2025-02-06,20250206,1,70,52
413,1,Page View,2025-03-10,20250310,11,28,14
414,1,Page View,2025-03-03,20250303,59,15,82
415,1,Page View,2025-01-10,20250110,19,63,91
416,1,Page View,2025-02-28,20250228,37,65,90
417,1,Page View,2025-03-29,20250329,34,53,61
418,1,Page View,2025-01-12,20250112,60,31,58
418,2,CTA Click,2025-01-15,20250115,60,31,58
419,1,Page View,2025-03-01,20250301,70,18,49
420,1,Page View,2025-01-20,20250120,24,76,65
420,2,CTA Click,2025-01-24,20250124,24,76,65
421,1,Page View,2025-02-18,20250218,95,17,8
422,1,Page View,2025-01-01,20250101,35,98,53
423,1,Page View,2025-03-23,20250323,43,100,64
423,2,CTA Click,2025-03-28,20250328,43,100,64
423,3,Signup,2025-03-30,20250330,43,100,64
424,1,Page View,2025-03-12,20250312,34,0,36
425,1,Page View,2025-02-14,20250214,92,38,75
426,1,Page View,2025-01-10,20250110,74,84,62
427,1,Page View,2025-03-24,20250324,19,57,68
427,2,CTA Click,2025-03-28,20250328,19,57,68
427,3,Signup,2025-04-04,20250404,19,57,68
428,1,Page View,2025-03-15,20250315,61,44,42
429,1,Page View,2025-03-06,20250306,70,97,69
429,2,CTA Click,2025-03-12,20250312,70,97,69
429,3,Signup,2025-03-16,20250316,70,97,69
430,1,Page View,2025-03-13,20250313,48,58,41
431,1,Page View,2025-01-18,20250118,24,89,30
431,2,CTA Click,2025-01-20,20250120,24,89,30
432,1,Page View,2025-02-07,20250207,73,49,29
433,1,Page View,2025-03-04,20250304,99,52,5
433,2,CTA Click,2025-03-12,20250312,99,52,5
434,1,Page View,2025-01-06,20250106,40,95,60
435,1,Page View,2025-03-30,20250330,90,48,49
436,1,Page View,2025-03-07,20250307,84,83,19
436,2,CTA Click,2025-03-12,20250312,84,83,19
437,1,Page View,2025-03-01,20250301,63,4,16
437,2,CTA Click,2025-03-02,20250302,63,4,16
438,1,Page View,2025-02-09,20250209,64,75,42
439,1,Page View,2025-03-05,20250305,12,56,12
440,1,Page View,2025-03-07,20250307,67,58,1
440,2,CTA Click,2025-03-13,20250313,67,58,1
441,1,Page View,2025-03-07,20250307,92,18,52
442,1,Page View,2025-03-08,20250308,83,19,9
443,1,Page View,2025-03-06,20250306,60,100,33
444,1,Page View,2025-03-06,20250306,43,79,88
445,1,Page View,2025-03-23,20250323,50,83,10
446,1,Page View,2025-03-01,20250301,42,86,68
446,2,CTA Click,2025-03-02,20250302,42,86,68
446,3,Signup,2025-03-08,20250308,42,86,68
447,1,Page View,2025-03-26,20250326,48,40,80
447,2,CTA Click,2025-03-28,20250328,48,40,80
447,3,Signup,2025-04-05,20250405,48,40,80
448,1,Page View,2025-01-28,20250128,91,97,62
449,1,Page View,2025-03-04,20250304,69,4,79
450,1,Page View,2025-01-08,20250108,8,30,80
450,2,CTA Click,2025-01-13,20250113,8,30,80
451,1,Page View,2025-03-25,20250325,87,36,29
452,1,Page View,2025-02-18,20250218,95,11,55
453,1,Page View,2025-02-09,20250209,12,97,81
454,1,Page View,2025-01-01,20250101,90,12,56
455,1,Page View,2025-03-02,20250302,21,88,38
455,2,CTA Click,2025-03-08,20250308,21,88,38
456,1,Page View,2025-03-07,20250307,3,5,41
457,1,Page View,2025-01-06,20250106,7,37,45
458,1,Page View,2025-02-02,20250202,47,55,18
458,2,CTA Click,2025-02-08,20250208,47,55,18
459,1,Page View,2025-02-05,20250205,31,67,52
459,2,CTA Click,2025-02-11,20250211,31,67,52
460,1,Page View,2025-01-22,20250122,72,87,23
460,2,CTA Click,2025-01-24,20250124,72,87,23
461,1,Page View,2025-01-29,20250129,21,22,10
461,2,CTA Click,2025-02-04,20250204,21,22,10
461,3,Signup,2025-02-07,20250207,21,22,10
461,4,First Data Connection,2025-02-08,20250208,21,22,10
461,5,First Dashboard Created,2025-02-12,20250212,21,22,10
461,6,Features Engagement,2025-02-20,20250220,21,22,10
462,1,Page View,2025-01-19,20250119,78,48,79
463,1,Page View,2025-03-22,20250322,87,30,63
464,1,Page View,2025-01-11,20250111,74,18,29
464,2,CTA Click,2025-01-19,20250119,74,18,29
465,1,Page View,2025-02-27,20250227,59,81,32
465,2,CTA Click,2025-02-28,20250228,59,81,32
466,1,Page View,2025-02-18,20250218,58,32,85
467,1,Page View,2025-03-13,20250313,1,59,36
468,1,Page View,2025-03-23,20250323,86,69,20
468,2,CTA Click,2025-03-29,20250329,86,69,20
468,3,Signup,2025-04-03,20250403,86,69,20
468,4,First Data Connection,2025-04-10,20250410,86,69,20
469,1,Page View,2025-03-05,20250305,9,56,44
470,1,Page View,2025-02-18,20250218,75,38,81
470,2,CTA Click,2025-02-23,20250223,75,38,81
470,3,Signup,2025-02-28,20250228,75,38,81
471,1,Page View,2025-01-29,20250129,54,88,32
471,2,CTA Click,2025-02-02,20250202,54,88,32
471,3,Signup,2025-02-05,20250205,54,88,32
471,4,First Data Connection,2025-02-11,20250211,54,88,32
471,5,First Dashboard Created,2025-02-14,20250214,54,88,32
471,6,Features Engagement,2025-02-22,20250222,54,88,32
472,1,Page View,2025-01-20,20250120,58,38,25
473,1,Page View,2025-03-08,20250308,49,61,13
473,2,CTA Click,2025-03-11,20250311,49,61,13
474,1,Page View,2025-01-18,20250118,30,48,73
474,2,CTA Click,2025-01-24,20250124,30,48,73
474,3,Signup,2025-01-31,20250131,30,48,73
474,4,First Data Connection,2025-02-03,20250203,30,48,73
474,5,First Dashboard Created,2025-02-10,20250210,30,48,73
474,6,Features Engagement,2025-02-16,20250216,30,48,73
475,1,Page View,2025-03-10,20250310,45,73,37
475,2,CTA Click,2025-03-15,20250315,45,73,37
475,3,Signup,2025-03-19,20250319,45,73,37
475,4,First Data Connection,2025-03-26,20250326,45,73,37
475,5,First Dashboard Created,2025-03-31,20250331,45,73,37
476,1,Page View,2025-03-07,20250307,89,37,2
477,1,Page View,2025-03-18,20250318,84,50,35
478,1,Page View,2025-01-15,20250115,1,72,87
479,1,Page View,2025-01-29,20250129,99,95,6
480,1,Page View,2025-03-21,20250321,77,95,63
481,1,Page View,2025-03-07,20250307,36,99,29
482,1,Page View,2025-03-14,20250314,77,45,28
482,2,CTA Click,2025-03-20,20250320,77,45,28
482,3,Signup,2025-03-25,20250325,77,45,28
483,1,Page View,2025-01-05,20250105,81,24,79
484,1,Page View,2025-03-18,20250318,32,86,96
485,1,Page View,2025-01-06,20250106,92,98,84
485,2,CTA Click,2025-01-07,20250107,92,98,84
485,3,Signup,2025-01-10,20250110,92,98,84
485,4,First Data Connection,2025-01-18,20250118,92,98,84
485,5,First Dashboard Created,2025-01-25,20250125,92,98,84
485,6,Features Engagement,2025-02-01,20250201,92,98,84
486,1,Page View,2025-02-28,20250228,87,17,80
487,1,Page View,2025-01-18,20250118,12,80,82
488,1,Page View,2025-01-17,20250117,5,39,100
489,1,Page View,2025-01-04,20250104,56,4,74
490,1,Page View,2025-01-13,20250113,46,93,16
491,1,Page View,2025-01-01,20250101,11,37,41
491,2,CTA Click,2025-01-05,20250105,11,37,41
492,1,Page View,2025-02-01,20250201,95,53,22
493,1,Page View,2025-03-02,20250302,25,16,100
493,2,CTA Click,2025-03-08,20250308,25,16,100
494,1,Page View,2025-01-08,20250108,69,46,67
495,1,Page View,2025-01-18,20250118,64,34,21
496,1,Page View,2025-01-16,20250116,32,61,37
496,2,CTA Click,2025-01-21,20250121,32,61,37
497,1,Page View,2025-01-22,20250122,95,43,14
498,1,Page View,2025-01-29,20250129,59,9,18
499,1,Page View,2025-02-24,20250224,96,28,86
500,1,Page View,2025-03-06,20250306,92,86,50
501,1,Page View,2025-03-04,20250304,71,46,11
502,1,Page View,2025-01-04,20250104,50,1,33
503,1,Page View,2025-03-19,20250319,68,15,58
504,1,Page View,2025-03-12,20250312,47,86,95
505,1,Page View,2025-03-21,20250321,86,33,74
505,2,CTA Click,2025-03-29,20250329,86,33,74
505,3,Signup,2025-04-04,20250404,86,33,74
505,4,First Data Connection,2025-04-08,20250408,86,33,74
506,1,Page View,2025-01-19,20250119,48,81,47
506,2,CTA Click,2025-01-23,20250123,48,81,47
506,3,Signup,2025-01-24,20250124,48,81,47
507,1,Page View,2025-03-02,20250302,13,86,29
508,1,Page View,2025-03-17,20250317,60,3,79
509,1,Page View,2025-01-20,20250120,71,41,78
509,2,CTA Click,2025-01-26,20250126,71,41,78
510,1,Page View,2025-01-15,20250115,28,82,8
510,2,CTA Click,2025-01-17,20250117,28,82,8
511,1,Page View,2025-01-08,20250108,81,59,89
512,1,Page View,2025-02-24,20250224,38,83,52
512,2,CTA Click,2025-02-26,20250226,38,83,52
513,1,Page View,2025-02-09,20250209,14,17,5
513,2,CTA Click,2025-02-14,20250214,14,17,5
513,3,Signup,2025-02-20,20250220,14,17,5
513,4,First Data Connection,2025-02-25,20250225,14,17,5
514,1,Page View,2025-02-21,20250221,4,38,63
515,1,Page View,2025-01-07,20250107,14,12,30
515,2,CTA Click,2025-01-15,20250115,14,12,30
516,1,Page View,2025-02-18,20250218,68,17,49
517,1,Page View,2025-01-30,20250130,58,47,85
517,2,CTA Click,2025-02-04,20250204,58,47,85
518,1,Page View,2025-03-21,20250321,95,89,69
519,1,Page View,2025-02-21,20250221,53,75,95
520,1,Page View,2025-03-19,20250319,93,19,53
520,2,CTA Click,2025-03-27,20250327,93,19,53
521,1,Page View,2025-03-07,20250307,83,12,62
522,1,Page View,2025-01-02,20250102,78,52,35
523,1,Page View,2025-01-05,20250105,4,88,47
524,1,Page View,2025-02-22,20250222,27,56,56
525,1,Page View,2025-03-14,20250314,30,46,12
526,1,Page View,2025-03-29,20250329,87,47,69
527,1,Page View,2025-01-18,20250118,82,45,7
528,1,Page View,2025-01-19,20250119,50,35,24
528,2,CTA Click,2025-01-21,20250121,50,35,24
529,1,Page View,2025-03-24,20250324,15,58,11
529,2,CTA Click,2025-04-01,20250401,15,58,11
529,3,Signup,2025-04-06,20250406,15,58,11
530,1,Page View,2025-01-07,20250107,84,27,82
531,1,Page View,2025-02-26,20250226,81,76,2
532,1,Page View,2025-03-07,20250307,6,100,42
533,1,Page View,2025-03-02,20250302,31,16,100
534,1,Page View,2025-02-13,20250213,72,26,8
535,1,Page View,2025-03-09,20250309,97,70,26
536,1,Page View,2025-02-05,20250205,75,27,29
537,1,Page View,2025-01-17,20250117,42,99,18
537,2,CTA Click,2025-01-18,20250118,42,99,18
537,3,Signup,2025-01-21,20250121,42,99,18
537,4,First Data Connection,2025-01-28,20250128,42,99,18
537,5,First Dashboard Created,2025-02-01,20250201,42,99,18
537,6,Features Engagement,2025-02-09,20250209,42,99,18
538,1,Page View,2025-02-14,20250214,100,76,0
538,2,CTA Click,2025-02-19,20250219,100,76,0
538,3,Signup,2025-02-26,20250226,100,76,0
539,1,Page View,2025-03-04,20250304,35,18,16
540,1,Page View,2025-03-25,20250325,69,32,22
540,2,CTA Click,2025-04-01,20250401,69,32,22
541,1,Page View,2025-03-28,20250328,14,84,3
542,1,Page View,2025-03-28,20250328,16,1,45
542,2,CTA Click,2025-03-30,20250330,16,1,45
543,1,Page View,2025-02-26,20250226,100,30,75
543,2,CTA Click,2025-03-03,20250303,100,30,75
544,1,Page View,2025-02-22,20250222,41,2,22
545,1,Page View,2025-01-15,20250115,33,6,16
546,1,Page View,2025-03-16,20250316,94,53,67
547,1,Page View,2025-02-18,20250218,14,95,8
548,1,Page View,2025-02-18,20250218,60,57,99
549,1,Page View,2025-03-20,20250320,46,65,75
549,2,CTA Click,2025-03-25,20250325,46,65,75
550,1,Page View,2025-01-16,20250116,13,57,64
551,1,Page View,2025-03-06,20250306,28,78,5
551,2,CTA Click,2025-03-13,20250313,28,78,5
551,3,Signup,2025-03-19,20250319,28,78,5
551,4,First Data Connection,2025-03-23,20250323,28,78,5
551,5,First Dashboard Created,2025-03-25,20250325,28,78,5
552,1,Page View,2025-01-23,20250123,93,100,84
553,1,Page View,2025-03-18,20250318,66,38,58
554,1,Page View,2025-02-14,20250214,82,3,7
555,1,Page View,2025-02-01,20250201,61,51,54
555,2,CTA Click,2025-02-03,20250203,61,51,54
555,3,Signup,2025-02-09,20250209,61,51,54
555,4,First Data Connection,2025-02-17,20250217,61,51,54
555,5,First Dashboard Created,2025-02-22,20250222,61,51,54
555,6,Features Engagement,2025-02-28,20250228,61,51,54
556,1,Page View,2025-02-27,20250227,87,13,62
557,1,Page View,2025-02-06,20250206,91,56,9
558,1,Page View,2025-03-21,20250321,10,41,77
559,1,Page View,2025-02-16,20250216,18,8,16
560,1,Page View,2025-01-14,20250114,35,79,81
561,1,Page View,2025-02-19,20250219,74,70,91
562,1,Page View,2025-01-19,20250119,41,48,76
563,1,Page View,2025-03-21,20250321,67,37,58
564,1,Page View,2025-02-02,20250202,64,77,55
565,1,Page View,2025-02-16,20250216,12,89,14
566,1,Page View,2025-03-04,20250304,83,83,98
567,1,Page View,2025-01-05,20250105,70,92,27
568,1,Page View,2025-01-14,20250114,55,57,29
569,1,Page View,2025-02-25,20250225,52,43,58
570,1,Page View,2025-03-31,20250331,51,53,93
571,1,Page View,2025-02-28,20250228,12,40,54
571,2,CTA Click,2025-03-06,20250306,12,40,54
571,3,Signup,2025-03-07,20250307,12,40,54
571,4,First Data Connection,2025-03-08,20250308,12,40,54
571,5,First Dashboard Created,2025-03-13,20250313,12,40,54
571,6,Features Engagement,2025-03-18,20250318,12,40,54
572,1,Page View,2025-02-28,20250228,40,85,32
572,2,CTA Click,2025-03-03,20250303,40,85,32
573,1,Page View,2025-02-19,20250219,47,19,87
574,1,Page View,2025-02-03,20250203,60,8,11
574,2,CTA Click,2025-02-08,20250208,60,8,11
575,1,Page View,2025-02-07,20250207,10,11,55
576,1,Page View,2025-02-20,20250220,12,95,94
577,1,Page View,2025-03-22,20250322,47,16,71
578,1,Page View,2025-02-16,20250216,7,75,71
579,1,Page View,2025-03-18,20250318,71,42,85
580,1,Page View,2025-01-10,20250110,15,52,45
580,2,CTA Click,2025-01-14,20250114,15,52,45
581,1,Page View,2025-03-29,20250329,85,96,54
581,2,CTA Click,2025-04-06,20250406,85,96,54
582,1,Page View,2025-03-26,20250326,92,6,36
583,1,Page View,2025-03-19,20250319,76,39,45
584,1,Page View,2025-03-20,20250320,13,73,64
585,1,Page View,2025-01-13,20250113,27,19,84
586,1,Page View,2025-03-30,20250330,61,28,13
586,2,CTA Click,2025-04-06,20250406,61,28,13
587,1,Page View,2025-02-09,20250209,44,71,47
587,2,CTA Click,2025-02-12,20250212,44,71,47
587,3,Signup,2025-02-13,20250213,44,71,47
588,1,Page View,2025-01-01,20250101,14,97,35
589,1,Page View,2025-03-20,20250320,73,28,54
590,1,Page View,2025-01-16,20250116,71,98,79
591,1,Page View,2025-01-26,20250126,78,86,82
592,1,Page View,2025-02-05,20250205,71,3,77
593,1,Page View,2025-02-08,20250208,84,88,34
593,2,CTA Click,2025-02-15,20250215,84,88,34
593,3,Signup,2025-02-20,20250220,84,88,34
593,4,First Data Connection,2025-02-28,20250228,84,88,34
593,5,First Dashboard Created,2025-03-04,20250304,84,88,34
593,6,Features Engagement,2025-03-08,20250308,84,88,34
593,7,Paid Conversion,2025-03-14,20250314,84,88,34
594,1,Page View,2025-03-17,20250317,3,23,34
595,1,Page View,2025-03-25,20250325,89,97,39
595,2,CTA Click,2025-04-01,20250401,89,97,39
596,1,Page View,2025-03-09,20250309,43,44,0
597,1,Page View,2025-02-08,20250208,23,18,72
598,1,Page View,2025-03-01,20250301,84,51,8
598,2,CTA Click,2025-03-07,20250307,84,51,8
599,1,Page View,2025-01-01,20250101,18,94,81
599,2,CTA Click,2025-01-08,20250108,18,94,81
599,3,Signup,2025-01-15,20250115,18,94,81
599,4,First Data Connection,2025-01-20,20250120,18,94,81
599,5,First Dashboard Created,2025-01-24,20250124,18,94,81
599,6,Features Engagement,2025-01-26,20250126,18,94,81
600,1,Page View,2025-01-04,20250104,3,11,95
601,1,Page View,2025-02-08,20250208,67,27,48
601,2,CTA Click,2025-02-14,20250214,67,27,48
601,3,Signup,2025-02-20,20250220,67,27,48
601,4,First Data Connection,2025-02-27,20250227,67,27,48
602,1,Page View,2025-02-12,20250212,53,58,43
603,1,Page View,2025-03-20,20250320,20,47,39
603,2,CTA Click,2025-03-25,20250325,20,47,39
603,3,Signup,2025-03-27,20250327,20,47,39
604,1,Page View,2025-03-09,20250309,92,41,99
605,1,Page View,2025-01-04,20250104,72,76,10
606,1,Page View,2025-01-16,20250116,6,19,20
607,1,Page View,2025-02-04,20250204,96,79,6
607,2,CTA Click,2025-02-10,20250210,96,79,6
608,1,Page View,2025-01-02,20250102,86,10,34
609,1,Page View,2025-02-23,20250223,56,84,54
609,2,CTA Click,2025-02-27,20250227,56,84,54
609,3,Signup,2025-03-04,20250304,56,84,54
609,4,First Data Connection,2025-03-08,20250308,56,84,54
610,1,Page View,2025-02-14,20250214,62,77,56
610,2,CTA Click,2025-02-19,20250219,62,77,56
610,3,Signup,2025-02-20,20250220,62,77,56
610,4,First Data Connection,2025-02-23,20250223,62,77,56
610,5,First Dashboard Created,2025-02-28,20250228,62,77,56
610,6,Features Engagement,2025-03-05,20250305,62,77,56
611,1,Page View,2025-01-12,20250112,53,34,27
612,1,Page View,2025-03-27,20250327,96,65,14
612,2,CTA Click,2025-04-01,20250401,96,65,14
612,3,Signup,2025-04-05,20250405,96,65,14
612,4,First Data Connection,2025-04-10,20250410,96,65,14
612,5,First Dashboard Created,2025-04-14,20250414,96,65,14
612,6,Features Engagement,2025-04-22,20250422,96,65,14
613,1,Page View,2025-03-29,20250329,44,55,14
614,1,Page View,2025-01-26,20250126,36,86,86
615,1,Page View,2025-01-22,20250122,75,62,67
616,1,Page View,2025-02-10,20250210,85,39,5
616,2,CTA Click,2025-02-13,20250213,85,39,5
617,1,Page View,2025-01-26,20250126,28,50,76
617,2,CTA Click,2025-01-29,20250129,28,50,76
618,1,Page View,2025-03-21,20250321,7,0,26
619,1,Page View,2025-01-18,20250118,38,27,98
620,1,Page View,2025-03-28,20250328,17,97,32
621,1,Page View,2025-03-14,20250314,37,41,15
622,1,Page View,2025-01-20,20250120,0,63,95
623,1,Page View,2025-01-21,20250121,55,22,16
623,2,CTA Click,2025-01-23,20250123,55,22,16
623,3,Signup,2025-01-30,20250130,55,22,16
624,1,Page View,2025-03-17,20250317,48,68,90
625,1,Page View,2025-03-07,20250307,29,64,71
625,2,CTA Click,2025-03-14,20250314,29,64,71
625,3,Signup,2025-03-19,20250319,29,64,71
625,4,First Data Connection,2025-03-27,20250327,29,64,71
626,1,Page View,2025-01-31,20250131,85,45,9
627,1,Page View,2025-02-17,20250217,50,94,5
627,2,CTA Click,2025-02-20,20250220,50,94,5
627,3,Signup,2025-02-24,20250224,50,94,5
628,1,Page View,2025-02-21,20250221,55,2,58
629,1,Page View,2025-02-22,20250222,9,40,73
630,1,Page View,2025-03-25,20250325,54,73,51
631,1,Page View,2025-01-12,20250112,90,81,53
632,1,Page View,2025-03-08,20250308,37,14,51
633,1,Page View,2025-02-06,20250206,2,41,21
634,1,Page View,2025-03-01,20250301,79,58,88
635,1,Page View,2025-01-26,20250126,46,11,55
636,1,Page View,2025-03-01,20250301,13,31,55
637,1,Page View,2025-02-11,20250211,75,51,67
638,1,Page View,2025-02-06,20250206,10,50,39
638,2,CTA Click,2025-02-09,20250209,10,50,39
639,1,Page View,2025-01-13,20250113,95,43,28
640,1,Page View,2025-03-11,20250311,42,99,21
640,2,CTA Click,2025-03-15,20250315,42,99,21
641,1,Page View,2025-01-20,20250120,9,65,81
641,2,CTA Click,2025-01-22,20250122,9,65,81
641,3,Signup,2025-01-26,20250126,9,65,81
642,1,Page View,2025-03-28,20250328,14,67,65
643,1,Page View,2025-03-11,20250311,24,99,44
644,1,Page View,2025-02-24,20250224,44,93,82
645,1,Page View,2025-01-10,20250110,18,30,13
646,1,Page View,2025-03-21,20250321,18,32,25
647,1,Page View,2025-01-10,20250110,22,77,19
647,2,CTA Click,2025-01-14,20250114,22,77,19
648,1,Page View,2025-02-24,20250224,97,97,83
649,1,Page View,2025-02-09,20250209,9,22,98
650,1,Page View,2025-02-28,20250228,80,63,59
650,2,CTA Click,2025-03-03,20250303,80,63,59
650,3,Signup,2025-03-09,20250309,80,63,59
651,1,Page View,2025-03-17,20250317,96,72,97
652,1,Page View,2025-02-19,20250219,74,57,87
653,1,Page View,2025-02-06,20250206,72,82,81
653,2,CTA Click,2025-02-12,20250212,72,82,81
653,3,Signup,2025-02-17,20250217,72,82,81
654,1,Page View,2025-02-02,20250202,79,41,80
655,1,Page View,2025-02-09,20250209,40,19,56
656,1,Page View,2025-02-03,20250203,8,60,56
657,1,Page View,2025-01-29,20250129,80,38,35
658,1,Page View,2025-02-08,20250208,75,7,45
659,1,Page View,2025-02-05,20250205,64,9,39
659,2,CTA Click,2025-02-12,20250212,64,9,39
660,1,Page View,2025-01-18,20250118,59,57,4
661,1,Page View,2025-01-23,20250123,7,47,36
662,1,Page View,2025-03-10,20250310,9,82,11
662,2,CTA Click,2025-03-16,20250316,9,82,11
662,3,Signup,2025-03-18,20250318,9,82,11
662,4,First Data Connection,2025-03-22,20250322,9,82,11
662,5,First Dashboard Created,2025-03-23,20250323,9,82,11
663,1,Page View,2025-03-16,20250316,78,76,64
664,1,Page View,2025-01-09,20250109,49,59,74
664,2,CTA Click,2025-01-10,20250110,49,59,74
665,1,Page View,2025-03-27,20250327,70,94,5
666,1,Page View,2025-03-13,20250313,57,73,83
667,1,Page View,2025-01-13,20250113,24,41,77
668,1,Page View,2025-03-06,20250306,60,64,19
669,1,Page View,2025-02-15,20250215,7,57,13
669,2,CTA Click,2025-02-23,20250223,7,57,13
669,3,Signup,2025-02-27,20250227,7,57,13
670,1,Page View,2025-03-09,20250309,43,91,10
670,2,CTA Click,2025-03-15,20250315,43,91,10
670,3,Signup,2025-03-20,20250320,43,91,10
670,4,First Data Connection,2025-03-25,20250325,43,91,10
670,5,First Dashboard Created,2025-04-01,20250401,43,91,10
670,6,Features Engagement,2025-04-07,20250407,43,91,10
671,1,Page View,2025-01-31,20250131,64,82,22
672,1,Page View,2025-03-20,20250320,5,31,90
673,1,Page View,2025-02-10,20250210,56,56,67
674,1,Page View,2025-01-01,20250101,66,78,20
675,1,Page View,2025-02-15,20250215,46,47,36
676,1,Page View,2025-02-17,20250217,49,52,99
677,1,Page View,2025-03-16,20250316,43,86,76
678,1,Page View,2025-03-19,20250319,6,80,82
679,1,Page View,2025-02-09,20250209,42,8,42
680,1,Page View,2025-01-16,20250116,12,71,86
681,1,Page View,2025-02-06,20250206,49,36,32
682,1,Page View,2025-03-02,20250302,92,84,77
683,1,Page View,2025-03-30,20250330,19,42,10
683,2,CTA Click,2025-04-04,20250404,19,42,10
684,1,Page View,2025-03-20,20250320,74,84,18
684,2,CTA Click,2025-03-24,20250324,74,84,18
685,1,Page View,2025-01-29,20250129,44,39,83
686,1,Page View,2025-02-13,20250213,89,84,50
687,1,Page View,2025-02-01,20250201,16,76,90
688,1,Page View,2025-02-21,20250221,10,39,71
689,1,Page View,2025-01-28,20250128,48,82,42
689,2,CTA Click,2025-01-31,20250131,48,82,42
689,3,Signup,2025-02-07,20250207,48,82,42
689,4,First Data Connection,2025-02-13,20250213,48,82,42
689,5,First Dashboard Created,2025-02-15,20250215,48,82,42
689,6,Features Engagement,2025-02-17,20250217,48,82,42
690,1,Page View,2025-01-31,20250131,16,85,89
691,1,Page View,2025-02-15,20250215,94,87,67
691,2,CTA Click,2025-02-21,20250221,94,87,67
691,3,Signup,2025-02-24,20250224,94,87,67
691,4,First Data Connection,2025-03-03,20250303,94,87,67
691,5,First Dashboard Created,2025-03-04,20250304,94,87,67
691,6,Features Engagement,2025-03-12,20250312,94,87,67
691,7,Paid Conversion,2025-03-14,20250314,94,87,67
692,1,Page View,2025-03-23,20250323,11,82,85
693,1,Page View,2025-01-12,20250112,54,65,46
693,2,CTA Click,2025-01-20,20250120,54,65,46
694,1,Page View,2025-01-04,20250104,2,46,39
695,1,Page View,2025-01-10,20250110,23,27,43
695,2,CTA Click,2025-01-15,20250115,23,27,43
696,1,Page View,2025-01-31,20250131,98,62,24
697,1,Page View,2025-01-05,20250105,28,17,19
698,1,Page View,2025-01-25,20250125,9,37,100
699,1,Page View,2025-02-04,20250204,12,64,98
700,1,Page View,2025-01-23,20250123,69,94,67
700,2,CTA Click,2025-01-30,20250130,69,94,67
700,3,Signup,2025-02-02,20250202,69,94,67
700,4,First Data Connection,2025-02-05,20250205,69,94,67
700,5,First Dashboard Created,2025-02-10,20250210,69,94,67
700,6,Features Engagement,2025-02-14,20250214,69,94,67
701,1,Page View,2025-03-09,20250309,4,84,43
702,1,Page View,2025-03-16,20250316,98,79,16
703,1,Page View,2025-01-09,20250109,76,48,19
704,1,Page View,2025-03-15,20250315,20,23,88
705,1,Page View,2025-03-04,20250304,98,79,21
706,1,Page View,2025-01-13,20250113,92,56,5
706,2,CTA Click,2025-01-17,20250117,92,56,5
707,1,Page View,2025-03-15,20250315,52,46,86
707,2,CTA Click,2025-03-19,20250319,52,46,86
708,1,Page View,2025-02-06,20250206,92,30,56
709,1,Page View,2025-01-04,20250104,78,36,96
710,1,Page View,2025-02-22,20250222,95,100,57
711,1,Page View,2025-01-19,20250119,29,68,30
712,1,Page View,2025-02-15,20250215,39,100,60
713,1,Page View,2025-02-23,20250223,24,47,86
713,2,CTA Click,2025-02-25,20250225,24,47,86
713,3,Signup,2025-03-03,20250303,24,47,86
713,4,First Data Connection,2025-03-07,20250307,24,47,86
714,1,Page View,2025-02-14,20250214,73,56,59
715,1,Page View,2025-03-13,20250313,98,36,99
716,1,Page View,2025-02-05,20250205,48,64,67
717,1,Page View,2025-03-12,20250312,53,20,25
718,1,Page View,2025-03-21,20250321,77,17,32
718,2,CTA Click,2025-03-25,20250325,77,17,32
718,3,Signup,2025-03-31,20250331,77,17,32
718,4,First Data Connection,2025-04-08,20250408,77,17,32
718,5,First Dashboard Created,2025-04-11,20250411,77,17,32
718,6,Features Engagement,2025-04-14,20250414,77,17,32
719,1,Page View,2025-01-10,20250110,6,82,61
720,1,Page View,2025-03-23,20250323,47,70,13
721,1,Page View,2025-01-20,20250120,91,66,15
721,2,CTA Click,2025-01-22,20250122,91,66,15
721,3,Signup,2025-01-24,20250124,91,66,15
722,1,Page View,2025-02-07,20250207,36,10,97
723,1,Page View,2025-03-10,20250310,20,34,57
724,1,Page View,2025-01-22,20250122,65,18,55
725,1,Page View,2025-03-31,20250331,11,28,57
726,1,Page View,2025-03-28,20250328,44,3,53
727,1,Page View,2025-03-04,20250304,6,50,64
728,1,Page View,2025-03-28,20250328,47,30,49
729,1,Page View,2025-01-06,20250106,10,47,28
729,2,CTA Click,2025-01-14,20250114,10,47,28
730,1,Page View,2025-01-07,20250107,3,40,12
731,1,Page View,2025-01-21,20250121,91,83,42
732,1,Page View,2025-01-23,20250123,18,17,4
733,1,Page View,2025-02-21,20250221,36,60,89
734,1,Page View,2025-01-18,20250118,17,97,90
735,1,Page View,2025-01-11,20250111,60,57,78
736,1,Page View,2025-03-07,20250307,0,10,2
737,1,Page View,2025-01-17,20250117,32,27,19
737,2,CTA Click,2025-01-24,20250124,32,27,19
737,3,Signup,2025-01-30,20250130,32,27,19
738,1,Page View,2025-02-21,20250221,70,93,77
739,1,Page View,2025-03-29,20250329,67,54,14
739,2,CTA Click,2025-04-02,20250402,67,54,14
739,3,Signup,2025-04-06,20250406,67,54,14
739,4,First Data Connection,2025-04-10,20250410,67,54,14
740,1,Page View,2025-02-24,20250224,99,36,30
741,1,Page View,2025-02-23,20250223,38,15,6
742,1,Page View,2025-02-13,20250213,30,53,81
743,1,Page View,2025-01-04,20250104,79,58,8
744,1,Page View,2025-01-14,20250114,14,63,76
745,1,Page View,2025-01-22,20250122,68,2,80
746,1,Page View,2025-03-21,20250321,65,73,30
747,1,Page View,2025-02-19,20250219,91,18,37
747,2,CTA Click,2025-02-25,20250225,91,18,37
747,3,Signup,2025-03-02,20250302,91,18,37
747,4,First Data Connection,2025-03-03,20250303,91,18,37
748,1,Page View,2025-01-26,20250126,54,0,78
749,1,Page View,2025-01-25,20250125,45,30,73
750,1,Page View,2025-02-08,20250208,53,23,85
751,1,Page View,2025-03-12,20250312,85,10,67
751,2,CTA Click,2025-03-15,20250315,85,10,67
752,1,Page View,2025-03-08,20250308,46,8,67
752,2,CTA Click,2025-03-15,20250315,46,8,67
753,1,Page View,2025-01-30,20250130,69,64,100
754,1,Page View,2025-03-17,20250317,64,70,2
755,1,Page View,2025-03-21,20250321,49,60,5
756,1,Page View,2025-01-12,20250112,81,49,47
756,2,CTA Click,2025-01-20,20250120,81,49,47
756,3,Signup,2025-01-27,20250127,81,49,47
756,4,First Data Connection,2025-02-03,20250203,81,49,47
757,1,Page View,2025-02-07,20250207,32,95,2
757,2,CTA Click,2025-02-08,20250208,32,95,2
758,1,Page View,2025-02-24,20250224,45,100,8
759,1,Page View,2025-01-22,20250122,44,30,93
760,1,Page View,2025-02-08,20250208,84,80,13
761,1,Page View,2025-01-09,20250109,98,74,94
762,1,Page View,2025-02-08,20250208,96,42,17
763,1,Page View,2025-02-16,20250216,5,45,69
764,1,Page View,2025-01-26,20250126,43,82,22
765,1,Page View,2025-03-17,20250317,99,87,59
766,1,Page View,2025-02-16,20250216,89,61,80
766,2,CTA Click,2025-02-21,20250221,89,61,80
767,1,Page View,2025-01-20,20250120,23,17,8
768,1,Page View,2025-02-20,20250220,91,99,58
768,2,CTA Click,2025-02-23,20250223,91,99,58
768,3,Signup,2025-02-24,20250224,91,99,58
768,4,First Data Connection,2025-03-04,20250304,91,99,58
768,5,First Dashboard Created,2025-03-08,20250308,91,99,58
768,6,Features Engagement,2025-03-09,20250309,91,99,58
768,7,Paid Conversion,2025-03-15,20250315,91,99,58
769,1,Page View,2025-02-01,20250201,4,37,25
770,1,Page View,2025-03-16,20250316,5,25,5
771,1,Page View,2025-03-01,20250301,40,39,65
771,2,CTA Click,2025-03-09,20250309,40,39,65
771,3,Signup,2025-03-14,20250314,40,39,65
771,4,First Data Connection,2025-03-18,20250318,40,39,65
771,5,First Dashboard Created,2025-03-26,20250326,40,39,65
771,6,Features Engagement,2025-03-28,20250328,40,39,65
772,1,Page View,2025-01-06,20250106,50,69,60
773,1,Page View,2025-03-26,20250326,32,4,96
773,2,CTA Click,2025-04-02,20250402,32,4,96
773,3,Signup,2025-04-04,20250404,32,4,96
773,4,First Data Connection,2025-04-10,20250410,32,4,96
774,1,Page View,2025-02-02,20250202,82,24,36
775,1,Page View,2025-02-23,20250223,45,99,6
776,1,Page View,2025-03-02,20250302,83,42,34
777,1,Page View,2025-03-06,20250306,15,47,55
778,1,Page View,2025-03-06,20250306,51,95,56
779,1,Page View,2025-01-06,20250106,49,43,23
780,1,Page View,2025-03-01,20250301,63,88,63
780,2,CTA Click,2025-03-05,20250305,63,88,63
781,1,Page View,2025-01-07,20250107,47,66,34
781,2,CTA Click,2025-01-11,20250111,47,66,34
781,3,Signup,2025-01-18,20250118,47,66,34
781,4,First Data Connection,2025-01-25,20250125,47,66,34
781,5,First Dashboard Created,2025-01-27,20250127,47,66,34
782,1,Page View,2025-02-06,20250206,10,93,54
783,1,Page View,2025-02-17,20250217,10,55,77
783,2,CTA Click,2025-02-24,20250224,10,55,77
783,3,Signup,2025-03-02,20250302,10,55,77
784,1,Page View,2025-02-14,20250214,23,69,37
785,1,Page View,2025-03-31,20250331,41,13,10
786,1,Page View,2025-02-08,20250208,41,84,37
787,1,Page View,2025-03-08,20250308,39,57,77
788,1,Page View,2025-01-23,20250123,91,54,21
789,1,Page View,2025-03-02,20250302,88,56,44
789,2,CTA Click,2025-03-06,20250306,88,56,44
790,1,Page View,2025-01-28,20250128,57,5,93
790,2,CTA Click,2025-01-30,20250130,57,5,93
790,3,Signup,2025-02-03,20250203,57,5,93
790,4,First Data Connection,2025-02-09,20250209,57,5,93
790,5,First Dashboard Created,2025-02-10,20250210,57,5,93
791,1,Page View,2025-03-08,20250308,45,78,55
791,2,CTA Click,2025-03-11,20250311,45,78,55
791,3,Signup,2025-03-14,20250314,45,78,55
792,1,Page View,2025-03-30,20250330,35,81,7
792,2,CTA Click,2025-04-04,20250404,35,81,7
792,3,Signup,2025-04-09,20250409,35,81,7
792,4,First Data Connection,2025-04-11,20250411,35,81,7
792,5,First Dashboard Created,2025-04-18,20250418,35,81,7
792,6,Features Engagement,2025-04-23,20250423,35,81,7
793,1,Page View,2025-01-31,20250131,9,85,81
793,2,CTA Click,2025-02-06,20250206,9,85,81
793,3,Signup,2025-02-09,20250209,9,85,81
794,1,Page View,2025-02-24,20250224,51,46,65
795,1,Page View,2025-02-21,20250221,95,86,20
796,1,Page View,2025-03-23,20250323,3,18,77
797,1,Page View,2025-03-27,20250327,86,100,56
797,2,CTA Click,2025-04-01,20250401,86,100,56
798,1,Page View,2025-03-21,20250321,4,16,8
798,2,CTA Click,2025-03-28,20250328,4,16,8
799,1,Page View,2025-01-18,20250118,30,99,82
800,1,Page View,2025-02-28,20250228,46,46,49
801,1,Page View,2025-01-23,20250123,72,4,77
802,1,Page View,2025-03-08,20250308,19,86,57
803,1,Page View,2025-03-24,20250324,47,47,56
804,1,Page View,2025-02-06,20250206,97,9,73
804,2,CTA Click,2025-02-08,20250208,97,9,73
805,1,Page View,2025-01-19,20250119,17,67,46
806,1,Page View,2025-01-02,20250102,50,40,83
807,1,Page View,2025-03-07,20250307,35,31,14
808,1,Page View,2025-02-12,20250212,3,94,23
809,1,Page View,2025-02-01,20250201,63,66,49
810,1,Page View,2025-02-11,20250211,71,15,33
810,2,CTA Click,2025-02-15,20250215,71,15,33
810,3,Signup,2025-02-21,20250221,71,15,33
811,1,Page View,2025-03-14,20250314,99,33,90
812,1,Page View,2025-03-04,20250304,57,27,78
813,1,Page View,2025-02-13,20250213,36,88,62
814,1,Page View,2025-01-24,20250124,25,15,17
814,2,CTA Click,2025-01-30,20250130,25,15,17
814,3,Signup,2025-02-03,20250203,25,15,17
815,1,Page View,2025-03-03,20250303,9,57,22
816,1,Page View,2025-02-08,20250208,91,56,11
817,1,Page View,2025-02-11,20250211,87,40,85
818,1,Page View,2025-03-08,20250308,44,90,8
818,2,CTA Click,2025-03-14,20250314,44,90,8
818,3,Signup,2025-03-19,20250319,44,90,8
818,4,First Data Connection,2025-03-23,20250323,44,90,8
819,1,Page View,2025-03-17,20250317,70,69,37
820,1,Page View,2025-02-10,20250210,38,20,91
821,1,Page View,2025-02-14,20250214,90,89,81
822,1,Page View,2025-01-09,20250109,22,46,65
822,2,CTA Click,2025-01-13,20250113,22,46,65
822,3,Signup,2025-01-20,20250120,22,46,65
823,1,Page View,2025-01-12,20250112,28,15,25
823,2,CTA Click,2025-01-14,20250114,28,15,25
824,1,Page View,2025-01-09,20250109,17,30,63
825,1,Page View,2025-02-19,20250219,3,46,70
825,2,CTA Click,2025-02-24,20250224,3,46,70
826,1,Page View,2025-03-16,20250316,73,47,59
827,1,Page View,2025-03-06,20250306,70,16,78
828,1,Page View,2025-01-15,20250115,11,8,39
829,1,Page View,2025-01-31,20250131,50,91,92
830,1,Page View,2025-01-18,20250118,61,67,52
831,1,Page View,2025-01-01,20250101,98,52,73
831,2,CTA Click,2025-01-06,20250106,98,52,73
831,3,Signup,2025-01-08,20250108,98,52,73
831,4,First Data Connection,2025-01-13,20250113,98,52,73
831,5,First Dashboard Created,2025-01-18,20250118,98,52,73
831,6,Features Engagement,2025-01-23,20250123,98,52,73
832,1,Page View,2025-02-16,20250216,9,16,40
833,1,Page View,2025-02-28,20250228,82,9,57
834,1,Page View,2025-02-23,20250223,59,87,66
835,1,Page View,2025-03-21,20250321,44,16,99
836,1,Page View,2025-01-15,20250115,70,81,75
837,1,Page View,2025-01-15,20250115,23,98,16
838,1,Page View,2025-03-23,20250323,55,64,7
839,1,Page View,2025-01-09,20250109,15,66,19
840,1,Page View,2025-01-18,20250118,38,21,20
841,1,Page View,2025-03-09,20250309,41,90,28
842,1,Page View,2025-02-24,20250224,44,66,36
843,1,Page View,2025-02-04,20250204,10,32,25
843,2,CTA Click,2025-02-06,20250206,10,32,25
844,1,Page View,2025-03-29,20250329,81,70,35
845,1,Page View,2025-03-23,20250323,16,80,38
845,2,CTA Click,2025-03-28,20250328,16,80,38
846,1,Page View,2025-03-09,20250309,78,68,11
847,1,Page View,2025-02-10,20250210,64,82,21
848,1,Page View,2025-03-01,20250301,75,74,19
849,1,Page View,2025-03-03,20250303,21,84,79
850,1,Page View,2025-03-08,20250308,92,77,43
851,1,Page View,2025-03-24,20250324,72,5,3
852,1,Page View,2025-03-02,20250302,10,5,82
853,1,Page View,2025-02-18,20250218,98,73,33
854,1,Page View,2025-03-20,20250320,83,26,98
855,1,Page View,2025-01-29,20250129,73,53,79
856,1,Page View,2025-02-15,20250215,81,3,63
857,1,Page View,2025-01-21,20250121,80,69,37
857,2,CTA Click,2025-01-29,20250129,80,69,37
858,1,Page View,2025-02-03,20250203,82,38,61
859,1,Page View,2025-03-04,20250304,31,87,51
860,1,Page View,2025-01-07,20250107,38,58,9
861,1,Page View,2025-02-01,20250201,88,7,20
862,1,Page View,2025-02-02,20250202,56,53,61
863,1,Page View,2025-03-01,20250301,59,26,43
863,2,CTA Click,2025-03-03,20250303,59,26,43
864,1,Page View,2025-03-31,20250331,77,18,40
864,2,CTA Click,2025-04-07,20250407,77,18,40
865,1,Page View,2025-02-16,20250216,91,40,93
866,1,Page View,2025-03-26,20250326,44,51,16
867,1,Page View,2025-03-21,20250321,97,47,65
868,1,Page View,2025-01-30,20250130,71,13,40
868,2,CTA Click,2025-02-04,20250204,71,13,40
869,1,Page View,2025-02-26,20250226,30,59,15
870,1,Page View,2025-03-28,20250328,34,57,31
870,2,CTA Click,2025-04-04,20250404,34,57,31
871,1,Page View,2025-01-04,20250104,18,12,6
872,1,Page View,2025-03-23,20250323,37,49,78
873,1,Page View,2025-01-19,20250119,53,31,20
874,1,Page View,2025-03-14,20250314,41,73,92
874,2,CTA Click,2025-03-18,20250318,41,73,92
874,3,Signup,2025-03-24,20250324,41,73,92
875,1,Page View,2025-03-27,20250327,40,24,97
876,1,Page View,2025-01-30,20250130,20,63,65
877,1,Page View,2025-01-11,20250111,59,63,39
878,1,Page View,2025-03-30,20250330,63,2,11
878,2,CTA Click,2025-04-01,20250401,63,2,11
879,1,Page View,2025-03-29,20250329,50,64,58
879,2,CTA Click,2025-04-04,20250404,50,64,58
880,1,Page View,2025-03-13,20250313,30,27,74
880,2,CTA Click,2025-03-20,20250320,30,27,74
880,3,Signup,2025-03-24,20250324,30,27,74
880,4,First Data Connection,2025-03-26,20250326,30,27,74
881,1,Page View,2025-01-13,20250113,45,6,6
882,1,Page View,2025-03-11,20250311,36,63,76
883,1,Page View,2025-01-31,20250131,83,86,60
884,1,Page View,2025-02-02,20250202,36,68,1
884,2,CTA Click,2025-02-06,20250206,36,68,1
884,3,Signup,2025-02-08,20250208,36,68,1
885,1,Page View,2025-01-03,20250103,13,55,17
885,2,CTA Click,2025-01-08,20250108,13,55,17
886,1,Page View,2025-01-19,20250119,33,93,46
887,1,Page View,2025-03-17,20250317,97,51,46
888,1,Page View,2025-01-16,20250116,5,51,6
889,1,Page View,2025-03-02,20250302,72,71,24
890,1,Page View,2025-02-22,20250222,46,70,36
891,1,Page View,2025-01-14,20250114,9,49,64
892,1,Page View,2025-01-17,20250117,57,97,70
893,1,Page View,2025-02-02,20250202,35,79,87
894,1,Page View,2025-01-03,20250103,78,15,16
895,1,Page View,2025-01-06,20250106,12,50,47
896,1,Page View,2025-03-10,20250310,43,71,46
897,1,Page View,2025-03-09,20250309,96,18,25
898,1,Page View,2025-01-31,20250131,77,65,51
899,1,Page View,2025-03-07,20250307,64,5,5
899,2,CTA Click,2025-03-14,20250314,64,5,5
900,1,Page View,2025-01-10,20250110,4,17,91
901,1,Page View,2025-01-31,20250131,42,60,66
902,1,Page View,2025-02-15,20250215,58,19,77
902,2,CTA Click,2025-02-19,20250219,58,19,77
903,1,Page View,2025-03-01,20250301,65,17,41
903,2,CTA Click,2025-03-05,20250305,65,17,41
903,3,Signup,2025-03-09,20250309,65,17,41
904,1,Page View,2025-03-27,20250327,78,40,20
904,2,CTA Click,2025-03-31,20250331,78,40,20
905,1,Page View,2025-01-11,20250111,50,78,94
906,1,Page View,2025-01-17,20250117,38,75,43
907,1,Page View,2025-01-13,20250113,64,65,68
908,1,Page View,2025-03-11,20250311,62,90,72
909,1,Page View,2025-03-05,20250305,38,60,2
910,1,Page View,2025-02-08,20250208,47,42,86
911,1,Page View,2025-01-24,20250124,14,53,74
912,1,Page View,2025-02-07,20250207,39,92,88
912,2,CTA Click,2025-02-08,20250208,39,92,88
912,3,Signup,2025-02-11,20250211,39,92,88
912,4,First Data Connection,2025-02-16,20250216,39,92,88
912,5,First Dashboard Created,2025-02-21,20250221,39,92,88
912,6,Features Engagement,2025-02-27,20250227,39,92,88
913,1,Page View,2025-03-11,20250311,80,3,76
913,2,CTA Click,2025-03-16,20250316,80,3,76
914,1,Page View,2025-02-01,20250201,60,33,83
915,1,Page View,2025-01-18,20250118,100,99,74
915,2,CTA Click,2025-01-21,20250121,100,99,74
916,1,Page View,2025-03-21,20250321,73,29,92
917,1,Page View,2025-03-04,20250304,6,74,61
918,1,Page View,2025-03-21,20250321,21,67,80
919,1,Page View,2025-03-03,20250303,92,79,99
919,2,CTA Click,2025-03-10,20250310,92,79,99
919,3,Signup,2025-03-17,20250317,92,79,99
920,1,Page View,2025-01-29,20250129,48,18,87
921,1,Page View,2025-01-19,20250119,31,4,73
922,1,Page View,2025-03-19,20250319,89,14,24
923,1,Page View,2025-02-12,20250212,2,56,40
923,2,CTA Click,2025-02-18,20250218,2,56,40
923,3,Signup,2025-02-20,20250220,2,56,40
923,4,First Data Connection,2025-02-22,20250222,2,56,40
924,1,Page View,2025-03-24,20250324,53,19,52
924,2,CTA Click,2025-03-27,20250327,53,19,52
925,1,Page View,2025-01-01,20250101,88,26,52
925,2,CTA Click,2025-01-07,20250107,88,26,52
925,3,Signup,2025-01-15,20250115,88,26,52
925,4,First Data Connection,2025-01-16,20250116,88,26,52
925,5,First Dashboard Created,2025-01-23,20250123,88,26,52
925,6,Features Engagement,2025-01-26,20250126,88,26,52
926,1,Page View,2025-01-31,20250131,64,99,78
927,1,Page View,2025-02-12,20250212,60,94,93
928,1,Page View,2025-02-16,20250216,7,90,17
929,1,Page View,2025-03-23,20250323,66,26,71
930,1,Page View,2025-03-26,20250326,41,84,61
931,1,Page View,2025-01-07,20250107,67,48,40
932,1,Page View,2025-03-27,20250327,22,58,68
933,1,Page View,2025-01-14,20250114,43,69,45
934,1,Page View,2025-02-10,20250210,86,98,92
935,1,Page View,2025-03-09,20250309,87,82,88
935,2,CTA Click,2025-03-15,20250315,87,82,88
935,3,Signup,2025-03-20,20250320,87,82,88
936,1,Page View,2025-03-21,20250321,33,78,61
937,1,Page View,2025-01-19,20250119,24,31,35
938,1,Page View,2025-02-18,20250218,71,38,28
939,1,Page View,2025-01-27,20250127,38,98,36
939,2,CTA Click,2025-01-31,20250131,38,98,36
940,1,Page View,2025-01-04,20250104,90,26,88
941,1,Page View,2025-01-11,20250111,90,62,40
941,2,CTA Click,2025-01-17,20250117,90,62,40
942,1,Page View,2025-03-13,20250313,61,44,71
943,1,Page View,2025-01-08,20250108,92,35,36
944,1,Page View,2025-02-15,20250215,15,73,86
945,1,Page View,2025-02-22,20250222,69,48,50
946,1,Page View,2025-01-06,20250106,44,98,18
947,1,Page View,2025-02-15,20250215,37,5,36
947,2,CTA Click,2025-02-20,20250220,37,5,36
948,1,Page View,2025-02-10,20250210,91,10,44
948,2,CTA Click,2025-02-14,20250214,91,10,44
949,1,Page View,2025-03-31,20250331,56,83,32
950,1,Page View,2025-02-24,20250224,95,61,27
950,2,CTA Click,2025-02-27,20250227,95,61,27
951,1,Page View,2025-02-25,20250225,25,68,34
952,1,Page View,2025-03-20,20250320,71,89,34
952,2,CTA Click,2025-03-27,20250327,71,89,34
952,3,Signup,2025-03-28,20250328,71,89,34
952,4,First Data Connection,2025-04-02,20250402,71,89,34
952,5,First Dashboard Created,2025-04-04,20250404,71,89,34
952,6,Features Engagement,2025-04-06,20250406,71,89,34
952,7,Paid Conversion,2025-04-09,20250409,71,89,34
953,1,Page View,2025-01-25,20250125,17,13,78
954,1,Page View,2025-03-30,20250330,94,75,30
955,1,Page View,2025-02-05,20250205,31,6,85
956,1,Page View,2025-03-10,20250310,67,28,81
957,1,Page View,2025-02-21,20250221,29,6,12
958,1,Page View,2025-01-09,20250109,52,42,91
959,1,Page View,2025-01-15,20250115,60,12,87
959,2,CTA Click,2025-01-23,20250123,60,12,87
959,3,Signup,2025-01-31,20250131,60,12,87
959,4,First Data Connection,2025-02-07,20250207,60,12,87
960,1,Page View,2025-01-17,20250117,98,17,0
960,2,CTA Click,2025-01-20,20250120,98,17,0
961,1,Page View,2025-01-26,20250126,70,20,52
962,1,Page View,2025-02-15,20250215,83,60,61
963,1,Page View,2025-03-14,20250314,83,25,96
964,1,Page View,2025-03-08,20250308,36,41,36
965,1,Page View,2025-01-15,20250115,82,7,98
966,1,Page View,2025-03-19,20250319,11,83,73
967,1,Page View,2025-02-21,20250221,29,68,94
968,1,Page View,2025-02-21,20250221,92,4,22
969,1,Page View,2025-02-11,20250211,53,22,4
969,2,CTA Click,2025-02-17,20250217,53,22,4
969,3,Signup,2025-02-25,20250225,53,22,4
969,4,First Data Connection,2025-02-28,20250228,53,22,4
969,5,First Dashboard Created,2025-03-03,20250303,53,22,4
969,6,Features Engagement,2025-03-07,20250307,53,22,4
970,1,Page View,2025-03-07,20250307,50,100,63
971,1,Page View,2025-02-27,20250227,23,95,37
971,2,CTA Click,2025-03-06,20250306,23,95,37
972,1,Page View,2025-01-18,20250118,4,1,38
973,1,Page View,2025-01-01,20250101,72,77,13
974,1,Page View,2025-01-10,20250110,42,36,58
975,1,Page View,2025-02-04,20250204,82,69,67
976,1,Page View,2025-01-04,20250104,63,17,64
977,1,Page View,2025-02-27,20250227,59,34,24
978,1,Page View,2025-03-03,20250303,14,42,20
978,2,CTA Click,2025-03-05,20250305,14,42,20
978,3,Signup,2025-03-07,20250307,14,42,20
978,4,First Data Connection,2025-03-09,20250309,14,42,20
978,5,First Dashboard Created,2025-03-16,20250316,14,42,20
978,6,Features Engagement,2025-03-21,20250321,14,42,20
979,1,Page View,2025-02-15,20250215,93,58,82
980,1,Page View,2025-03-31,20250331,32,91,23
981,1,Page View,2025-03-06,20250306,1,94,43
982,1,Page View,2025-03-17,20250317,37,72,86
983,1,Page View,2025-02-07,20250207,96,24,22
983,2,CTA Click,2025-02-11,20250211,96,24,22
984,1,Page View,2025-01-26,20250126,78,81,51
984,2,CTA Click,2025-01-29,20250129,78,81,51
984,3,Signup,2025-01-31,20250131,78,81,51
984,4,First Data Connection,2025-02-03,20250203,78,81,51
984,5,First Dashboard Created,2025-02-07,20250207,78,81,51
984,6,Features Engagement,2025-02-14,20250214,78,81,51
985,1,Page View,2025-02-11,20250211,54,65,41
986,1,Page View,2025-03-30,20250330,11,51,85
987,1,Page View,2025-01-08,20250108,12,23,17
988,1,Page View,2025-03-17,20250317,61,41,31
988,2,CTA Click,2025-03-21,20250321,61,41,31
989,1,Page View,2025-01-01,20250101,0,33,49
990,1,Page View,2025-03-09,20250309,30,57,96
991,1,Page View,2025-02-20,20250220,34,42,38
992,1,Page View,2025-02-09,20250209,74,92,73
993,1,Page View,2025-01-01,20250101,1,33,83
994,1,Page View,2025-02-21,20250221,46,88,30
995,1,Page View,2025-02-08,20250208,7,85,15
996,1,Page View,2025-03-04,20250304,59,39,20
996,2,CTA Click,2025-03-06,20250306,59,39,20
996,3,Signup,2025-03-11,20250311,59,39,20
996,4,First Data Connection,2025-03-13,20250313,59,39,20
996,5,First Dashboard Created,2025-03-21,20250321,59,39,20
996,6,Features Engagement,2025-03-27,20250327,59,39,20
996,7,Paid Conversion,2025-03-30,20250330,59,39,20
997,1,Page View,2025-01-30,20250130,51,87,64
998,1,Page View,2025-03-03,20250303,90,98,39
998,2,CTA Click,2025-03-09,20250309,90,98,39
998,3,Signup,2025-03-13,20250313,90,98,39
999,1,Page View,2025-01-14,20250114,88,15,81
999,2,CTA Click,2025-01-15,20250115,88,15,81
1000,1,Page View,2025-02-07,20250207,37,47,78
