User_ID,Feature,Interaction_Count,Total_Interaction_Time_Minutes,Timestamp,ID_Date
1,Feature A,34,39.1,2025-01-14 15:50:58,20250114
1,Feature B,7,22.1,2025-03-07 08:47:23,20250307
1,Feature C,87,153.4,2025-02-12 15:59:49,20250212
2,Feature A,49,216.0,2025-03-05 15:06:05,20250305
2,Feature B,28,73.0,2025-03-30 16:11:16,20250330
2,Feature C,58,62.5,2025-01-05 01:38:41,20250105
3,Feature A,48,137.1,2025-02-27 16:07:47,20250227
3,Feature B,85,192.1,2025-01-27 06:00:06,20250127
3,Feature C,41,169.3,2025-02-25 03:04:38,20250225
4,Feature A,39,109.0,2025-03-12 07:07:26,20250312
4,Feature B,49,100.2,2025-01-24 01:30:28,20250124
4,Feature C,42,145.8,2025-03-09 06:01:10,20250309
5,Feature A,99,242.3,2025-01-05 08:23:40,20250105
5,Feature B,4,17.1,2025-03-26 03:23:46,20250326
5,Feature C,12,29.1,2025-03-20 19:50:01,20250320
6,Feature A,97,432.4,2025-03-26 08:44:42,20250326
6,Feature B,32,120.8,2025-02-02 12:13:31,20250202
6,Feature C,32,120.1,2025-02-22 23:40:21,20250222
7,Feature A,91,116.3,2025-03-28 22:41:59,20250328
7,Feature B,48,198.5,2025-01-19 03:24:57,20250119
7,Feature C,44,146.9,2025-01-06 06:37:16,20250106
8,Feature A,36,94.9,2025-01-18 00:09:12,20250118
8,Feature B,33,70.5,2025-03-06 20:40:46,20250306
8,Feature C,88,129.7,2025-01-22 19:09:40,20250122
9,Feature A,31,82.6,2025-02-20 03:23:05,20250220
9,Feature B,15,68.2,2025-02-10 03:36:05,20250210
9,Feature C,39,166.3,2025-01-14 07:52:21,20250114
10,Feature A,82,277.1,2025-01-08 22:37:49,20250108
10,Feature B,57,280.6,2025-01-29 16:18:39,20250129
10,Feature C,80,201.0,2025-03-06 14:54:17,20250306
11,Feature A,65,214.4,2025-01-20 10:49:43,20250120
11,Feature B,7,14.0,2025-03-07 07:48:55,20250307
11,Feature C,30,65.5,2025-02-04 16:53:13,20250204
12,Feature A,47,194.6,2025-02-07 23:45:44,20250207
12,Feature B,28,127.9,2025-01-09 16:05:03,20250109
12,Feature C,50,174.5,2025-01-24 23:44:12,20250124
13,Feature A,81,327.8,2025-03-28 11:26:50,20250328
13,Feature B,47,122.2,2025-02-06 01:21:56,20250206
13,Feature C,80,199.0,2025-03-04 20:04:57,20250304
14,Feature A,88,419.5,2025-01-29 07:14:12,20250129
14,Feature B,72,314.7,2025-03-12 07:33:29,20250312
14,Feature C,86,281.7,2025-02-03 04:13:22,20250203
15,Feature A,28,98.0,2025-03-09 02:30:20,20250309
15,Feature B,17,41.1,2025-02-05 05:55:35,20250205
15,Feature C,32,41.0,2025-03-09 03:57:02,20250309
16,Feature A,11,46.7,2025-01-05 00:07:26,20250105
16,Feature B,100,435.0,2025-03-23 10:08:27,20250323
16,Feature C,44,185.7,2025-02-16 21:01:21,20250216
17,Feature A,24,90.3,2025-02-15 19:08:49,20250215
17,Feature B,23,104.4,2025-03-19 15:48:08,20250319
17,Feature C,13,50.6,2025-01-03 06:11:53,20250103
18,Feature A,92,140.3,2025-02-08 17:30:35,20250208
18,Feature B,26,121.0,2025-01-31 13:29:35,20250131
18,Feature C,92,327.1,2025-03-17 19:09:50,20250317
19,Feature A,80,360.6,2025-01-24 20:40:13,20250124
19,Feature B,46,140.7,2025-02-08 13:11:49,20250208
19,Feature C,40,151.8,2025-03-24 08:48:15,20250324
20,Feature A,77,332.6,2025-02-02 07:03:49,20250202
20,Feature B,84,175.1,2025-02-25 06:56:33,20250225
20,Feature C,15,46.5,2025-03-20 16:49:39,20250320
21,Feature A,37,136.8,2025-01-17 20:45:10,20250117
21,Feature B,26,33.0,2025-03-23 20:00:07,20250323
21,Feature C,93,182.3,2025-03-27 09:11:29,20250327
22,Feature A,48,99.8,2025-03-08 21:31:59,20250308
22,Feature B,26,112.0,2025-03-05 10:30:17,20250305
22,Feature C,56,76.3,2025-01-08 03:35:52,20250108
23,Feature A,54,123.4,2025-03-29 07:38:31,20250329
23,Feature B,20,33.6,2025-01-09 02:58:14,20250109
23,Feature C,51,191.3,2025-02-12 03:34:49,20250212
24,Feature A,78,151.6,2025-03-10 15:30:13,20250310
24,Feature B,38,62.6,2025-02-12 10:40:37,20250212
24,Feature C,28,67.8,2025-03-28 20:02:03,20250328
25,Feature A,81,105.3,2025-01-08 01:20:04,20250108
25,Feature B,1,3.8,2025-02-28 08:32:10,20250228
25,Feature C,72,174.5,2025-01-26 17:08:40,20250126
26,Feature A,93,159.9,2025-02-14 22:05:30,20250214
26,Feature B,96,129.4,2025-02-13 07:36:33,20250213
26,Feature C,44,47.9,2025-01-13 05:24:46,20250113
27,Feature A,96,402.3,2025-02-07 09:13:10,20250207
27,Feature B,4,9.5,2025-03-10 15:38:37,20250310
27,Feature C,71,352.6,2025-03-23 12:40:19,20250323
28,Feature A,58,143.1,2025-02-26 09:49:43,20250226
28,Feature B,46,110.6,2025-01-22 14:14:51,20250122
28,Feature C,11,18.7,2025-02-22 05:00:53,20250222
29,Feature A,16,47.9,2025-02-03 11:10:49,20250203
29,Feature B,46,200.8,2025-03-02 22:40:02,20250302
29,Feature C,59,158.8,2025-01-04 00:37:15,20250104
30,Feature A,71,348.9,2025-01-06 12:53:56,20250106
30,Feature B,2,7.8,2025-01-31 07:24:31,20250131
30,Feature C,46,192.5,2025-03-12 08:00:53,20250312
31,Feature A,73,177.3,2025-02-02 15:15:19,20250202
31,Feature B,70,290.5,2025-03-10 17:20:47,20250310
31,Feature C,14,47.7,2025-02-05 00:48:43,20250205
32,Feature A,90,144.7,2025-01-03 13:30:14,20250103
32,Feature B,76,78.6,2025-02-17 04:28:51,20250217
32,Feature C,14,52.6,2025-03-12 02:15:49,20250312
33,Feature A,21,30.0,2025-02-14 18:47:15,20250214
33,Feature B,100,123.5,2025-01-01 23:25:18,20250101
33,Feature C,25,116.3,2025-03-24 16:48:23,20250324
34,Feature A,67,224.5,2025-02-02 09:49:46,20250202
34,Feature B,7,22.1,2025-01-30 01:51:30,20250130
34,Feature C,36,163.9,2025-02-24 19:23:07,20250224
35,Feature A,4,19.0,2025-02-11 17:25:56,20250211
35,Feature B,24,113.4,2025-01-24 08:24:45,20250124
35,Feature C,19,57.4,2025-02-02 04:19:47,20250202
36,Feature A,3,7.5,2025-01-01 19:48:07,20250101
36,Feature B,17,28.5,2025-02-01 20:56:53,20250201
36,Feature C,68,240.7,2025-02-20 11:14:12,20250220
37,Feature A,68,199.0,2025-03-26 15:38:50,20250326
37,Feature B,41,126.3,2025-01-16 06:40:36,20250116
37,Feature C,13,22.1,2025-01-30 08:34:20,20250130
38,Feature A,58,272.8,2025-02-28 10:44:30,20250228
38,Feature B,46,150.7,2025-01-17 02:08:11,20250117
38,Feature C,55,131.1,2025-03-02 14:57:24,20250302
39,Feature A,27,36.8,2025-01-01 21:51:16,20250101
39,Feature B,61,170.5,2025-01-09 03:46:10,20250109
39,Feature C,13,31.5,2025-01-04 01:55:10,20250104
40,Feature A,64,251.0,2025-03-01 09:34:02,20250301
40,Feature B,17,17.3,2025-01-03 09:12:27,20250103
40,Feature C,34,134.9,2025-03-26 19:41:39,20250326
41,Feature A,16,31.2,2025-01-28 02:04:10,20250128
41,Feature B,4,16.1,2025-03-28 12:34:20,20250328
41,Feature C,18,76.9,2025-03-22 16:44:12,20250322
42,Feature A,21,56.4,2025-02-04 13:28:00,20250204
42,Feature B,71,279.7,2025-03-24 02:29:22,20250324
42,Feature C,65,297.9,2025-01-01 14:12:53,20250101
43,Feature A,13,41.0,2025-03-26 04:22:58,20250326
43,Feature B,54,125.3,2025-02-04 15:39:12,20250204
43,Feature C,88,273.0,2025-02-26 21:51:26,20250226
44,Feature A,36,69.1,2025-03-12 21:18:06,20250312
44,Feature B,98,375.6,2025-02-12 11:30:04,20250212
44,Feature C,77,328.7,2025-01-18 21:28:25,20250118
45,Feature A,82,360.5,2025-01-16 08:46:07,20250116
45,Feature B,16,17.2,2025-02-24 09:28:24,20250224
45,Feature C,60,101.3,2025-01-24 21:31:31,20250124
46,Feature A,15,68.1,2025-01-11 06:23:14,20250111
46,Feature B,25,72.6,2025-02-09 16:09:42,20250209
46,Feature C,76,338.4,2025-01-27 10:18:20,20250127
47,Feature A,50,133.2,2025-03-31 01:53:18,20250331
47,Feature B,41,134.1,2025-03-30 15:04:14,20250330
47,Feature C,51,56.6,2025-03-08 05:06:59,20250308
48,Feature A,25,95.2,2025-01-06 19:40:36,20250106
48,Feature B,58,286.5,2025-03-23 20:50:23,20250323
48,Feature C,97,125.9,2025-03-09 19:53:25,20250309
49,Feature A,69,224.3,2025-03-12 22:32:48,20250312
49,Feature B,43,83.3,2025-02-24 21:22:56,20250224
49,Feature C,15,62.0,2025-02-12 12:32:36,20250212
50,Feature A,38,178.7,2025-01-06 04:46:38,20250106
50,Feature B,18,30.9,2025-03-03 09:26:29,20250303
50,Feature C,52,81.2,2025-03-21 22:49:23,20250321
51,Feature A,96,436.5,2025-03-26 01:06:40,20250326
51,Feature B,24,49.5,2025-03-04 09:32:34,20250304
51,Feature C,62,293.5,2025-03-03 21:52:08,20250303
52,Feature A,0,0.0,2025-01-13 13:20:17,20250113
52,Feature B,49,232.0,2025-03-03 17:53:19,20250303
52,Feature C,21,41.3,2025-02-14 09:08:44,20250214
53,Feature A,10,32.1,2025-03-08 05:34:49,20250308
53,Feature B,40,196.3,2025-02-13 20:27:56,20250213
53,Feature C,15,34.3,2025-02-25 23:34:29,20250225
54,Feature A,64,220.5,2025-02-09 02:39:21,20250209
54,Feature B,94,233.1,2025-03-21 12:19:38,20250321
54,Feature C,69,344.3,2025-02-28 18:43:28,20250228
55,Feature A,29,69.5,2025-02-02 14:20:14,20250202
55,Feature B,12,14.4,2025-01-06 10:55:59,20250106
55,Feature C,31,121.4,2025-03-11 22:46:38,20250311
56,Feature A,31,69.0,2025-01-13 01:20:47,20250113
56,Feature B,30,32.4,2025-02-19 21:13:42,20250219
56,Feature C,91,101.8,2025-03-12 00:34:24,20250312
57,Feature A,46,142.7,2025-03-15 06:40:24,20250315
57,Feature B,30,139.9,2025-01-09 09:26:36,20250109
57,Feature C,11,54.0,2025-03-15 05:24:19,20250315
58,Feature A,94,94.8,2025-01-23 09:23:55,20250123
58,Feature B,48,167.1,2025-01-27 05:26:02,20250127
58,Feature C,71,80.6,2025-01-18 15:02:21,20250118
59,Feature A,41,190.5,2025-01-22 01:02:14,20250122
59,Feature B,21,30.0,2025-01-06 23:35:20,20250106
59,Feature C,36,127.1,2025-01-10 11:13:46,20250110
60,Feature A,77,247.1,2025-02-04 03:59:16,20250204
60,Feature B,56,158.0,2025-01-12 20:55:39,20250112
60,Feature C,15,51.2,2025-03-07 06:39:45,20250307
61,Feature A,18,67.0,2025-02-13 05:12:44,20250213
61,Feature B,83,413.9,2025-01-15 15:11:10,20250115
61,Feature C,12,13.2,2025-01-07 10:20:34,20250107
62,Feature A,64,278.3,2025-02-05 02:45:04,20250205
62,Feature B,45,106.9,2025-01-16 16:42:58,20250116
62,Feature C,6,12.2,2025-02-22 13:56:00,20250222
63,Feature A,41,47.2,2025-01-06 00:35:22,20250106
63,Feature B,17,61.6,2025-01-07 18:47:26,20250107
63,Feature C,43,105.6,2025-02-23 10:38:59,20250223
64,Feature A,99,400.2,2025-02-22 14:35:49,20250222
64,Feature B,73,172.0,2025-03-22 13:52:32,20250322
64,Feature C,43,75.8,2025-02-03 01:54:12,20250203
65,Feature A,59,275.4,2025-01-31 12:20:20,20250131
65,Feature B,99,434.0,2025-03-27 14:43:59,20250327
65,Feature C,11,39.3,2025-02-04 04:35:22,20250204
66,Feature A,43,181.6,2025-03-06 14:43:26,20250306
66,Feature B,86,170.8,2025-03-01 13:57:29,20250301
66,Feature C,45,84.3,2025-01-09 22:48:45,20250109
67,Feature A,6,12.0,2025-03-12 18:09:41,20250312
67,Feature B,5,12.0,2025-02-20 06:46:37,20250220
67,Feature C,6,12.3,2025-01-27 18:11:58,20250127
68,Feature A,95,191.9,2025-02-21 12:16:08,20250221
68,Feature B,44,88.2,2025-03-21 07:44:38,20250321
68,Feature C,66,274.4,2025-02-15 19:58:36,20250215
69,Feature A,15,68.2,2025-03-19 09:40:29,20250319
69,Feature B,43,175.9,2025-02-18 11:21:02,20250218
69,Feature C,43,115.6,2025-01-23 22:53:25,20250123
70,Feature A,82,381.8,2025-01-08 17:52:27,20250108
70,Feature B,2,6.8,2025-03-26 02:53:46,20250326
70,Feature C,0,0.0,2025-01-01 21:23:18,20250101
71,Feature A,67,187.4,2025-03-15 21:48:08,20250315
71,Feature B,3,11.2,2025-03-04 07:19:54,20250304
71,Feature C,85,412.7,2025-03-27 02:00:57,20250327
72,Feature A,63,206.1,2025-01-04 08:42:31,20250104
72,Feature B,24,105.6,2025-03-27 21:47:10,20250327
72,Feature C,80,180.9,2025-01-20 15:58:42,20250120
73,Feature A,40,70.7,2025-03-13 20:33:54,20250313
73,Feature B,24,76.8,2025-01-12 08:10:03,20250112
73,Feature C,40,191.7,2025-02-08 05:59:32,20250208
74,Feature A,58,167.1,2025-01-11 03:40:40,20250111
74,Feature B,21,91.0,2025-03-09 21:17:24,20250309
74,Feature C,2,9.2,2025-01-25 16:43:14,20250125
75,Feature A,92,97.4,2025-01-25 20:07:29,20250125
75,Feature B,27,78.0,2025-03-08 06:32:58,20250308
75,Feature C,86,119.5,2025-03-05 01:08:46,20250305
76,Feature A,56,202.5,2025-03-08 16:21:52,20250308
76,Feature B,82,300.9,2025-01-28 23:09:23,20250128
76,Feature C,27,59.8,2025-02-24 04:47:14,20250224
77,Feature A,56,136.6,2025-02-23 20:01:16,20250223
77,Feature B,7,27.3,2025-03-02 04:42:32,20250302
77,Feature C,12,36.3,2025-02-17 08:56:04,20250217
78,Feature A,13,23.0,2025-01-10 14:23:32,20250110
78,Feature B,29,78.1,2025-01-04 04:27:46,20250104
78,Feature C,66,238.1,2025-02-08 07:22:22,20250208
79,Feature A,25,94.5,2025-01-01 06:10:10,20250101
79,Feature B,72,78.6,2025-01-07 16:45:44,20250107
79,Feature C,1,2.2,2025-01-01 22:42:03,20250101
80,Feature A,68,304.2,2025-01-28 02:09:59,20250128
80,Feature B,56,254.0,2025-01-14 03:44:46,20250114
80,Feature C,22,106.7,2025-03-01 06:07:37,20250301
81,Feature A,86,218.2,2025-03-07 04:26:30,20250307
81,Feature B,57,258.5,2025-03-05 05:12:33,20250305
81,Feature C,79,360.5,2025-03-24 08:24:52,20250324
82,Feature A,16,29.9,2025-01-25 04:23:43,20250125
82,Feature B,100,366.2,2025-01-11 20:52:01,20250111
82,Feature C,43,214.2,2025-03-08 19:57:24,20250308
83,Feature A,75,363.8,2025-01-21 05:15:06,20250121
83,Feature B,88,414.8,2025-02-20 19:12:49,20250220
83,Feature C,34,38.6,2025-02-08 14:30:27,20250208
84,Feature A,92,309.1,2025-02-01 20:07:54,20250201
84,Feature B,0,0.0,2025-02-10 21:45:04,20250210
84,Feature C,92,124.5,2025-03-29 01:14:28,20250329
85,Feature A,19,93.8,2025-01-14 12:47:10,20250114
85,Feature B,64,186.2,2025-02-11 06:15:33,20250211
85,Feature C,99,384.5,2025-02-05 11:09:09,20250205
86,Feature A,96,292.9,2025-01-05 23:36:55,20250105
86,Feature B,76,246.0,2025-02-25 23:53:54,20250225
86,Feature C,37,160.3,2025-03-26 03:52:24,20250326
87,Feature A,37,75.3,2025-01-10 13:44:14,20250110
87,Feature B,60,257.5,2025-02-27 06:07:38,20250227
87,Feature C,65,259.1,2025-03-04 09:19:38,20250304
88,Feature A,32,78.7,2025-01-17 14:05:50,20250117
88,Feature B,11,38.2,2025-03-25 08:58:48,20250325
88,Feature C,44,146.4,2025-03-16 18:22:36,20250316
89,Feature A,78,133.0,2025-03-09 06:54:50,20250309
89,Feature B,86,299.5,2025-02-23 08:18:33,20250223
89,Feature C,36,117.4,2025-03-11 12:58:27,20250311
90,Feature A,42,167.1,2025-03-31 19:42:27,20250331
90,Feature B,20,73.4,2025-02-27 09:22:46,20250227
90,Feature C,52,250.6,2025-02-13 01:07:55,20250213
91,Feature A,36,172.8,2025-02-08 03:53:01,20250208
91,Feature B,44,87.8,2025-01-01 15:36:33,20250101
91,Feature C,18,73.3,2025-02-03 07:08:52,20250203
92,Feature A,93,435.6,2025-02-04 02:54:14,20250204
92,Feature B,36,81.6,2025-03-29 18:00:47,20250329
92,Feature C,2,7.4,2025-03-04 04:24:45,20250304
93,Feature A,31,100.6,2025-03-27 11:51:15,20250327
93,Feature B,20,84.5,2025-01-13 10:49:24,20250113
93,Feature C,66,322.5,2025-01-20 11:18:49,20250120
94,Feature A,89,98.7,2025-03-23 02:55:53,20250323
94,Feature B,21,102.8,2025-02-04 04:03:25,20250204
94,Feature C,92,304.1,2025-02-07 07:22:33,20250207
95,Feature A,49,51.0,2025-03-26 23:24:26,20250326
95,Feature B,42,89.5,2025-01-23 06:20:07,20250123
95,Feature C,84,220.0,2025-01-30 03:54:53,20250130
96,Feature A,5,12.8,2025-02-26 23:10:01,20250226
96,Feature B,10,15.9,2025-02-03 06:46:32,20250203
96,Feature C,37,102.7,2025-01-10 06:01:53,20250110
97,Feature A,25,123.3,2025-01-11 01:35:03,20250111
97,Feature B,4,7.0,2025-02-17 06:53:27,20250217
97,Feature C,40,164.8,2025-01-08 02:01:24,20250108
98,Feature A,37,92.4,2025-01-10 17:36:10,20250110
98,Feature B,18,57.0,2025-02-26 14:09:07,20250226
98,Feature C,65,83.8,2025-01-15 21:49:26,20250115
99,Feature A,91,414.7,2025-01-06 14:34:22,20250106
99,Feature B,50,93.8,2025-03-05 06:20:12,20250305
99,Feature C,21,71.6,2025-02-08 23:20:49,20250208
100,Feature A,30,113.5,2025-01-23 01:22:49,20250123
100,Feature B,50,84.1,2025-01-02 21:36:47,20250102
100,Feature C,41,70.2,2025-01-17 15:16:21,20250117
101,Feature A,23,31.4,2025-03-30 13:40:11,20250330
101,Feature B,79,174.3,2025-01-23 21:01:32,20250123
101,Feature C,100,290.8,2025-02-16 07:21:20,20250216
102,Feature A,36,173.8,2025-01-11 22:28:43,20250111
102,Feature B,22,47.0,2025-02-24 00:42:24,20250224
102,Feature C,14,30.6,2025-02-04 21:46:28,20250204
103,Feature A,53,152.3,2025-03-14 05:16:55,20250314
103,Feature B,14,24.5,2025-02-08 01:45:32,20250208
103,Feature C,60,143.0,2025-01-29 15:13:19,20250129
104,Feature A,35,115.2,2025-02-14 02:40:47,20250214
104,Feature B,37,43.2,2025-02-18 10:12:35,20250218
104,Feature C,7,25.0,2025-03-01 17:14:00,20250301
105,Feature A,67,304.2,2025-03-10 04:19:25,20250310
105,Feature B,37,120.2,2025-03-02 10:09:44,20250302
105,Feature C,40,159.2,2025-01-21 22:44:49,20250121
106,Feature A,5,20.7,2025-01-31 00:20:56,20250131
106,Feature B,16,77.3,2025-01-26 05:38:09,20250126
106,Feature C,79,146.4,2025-02-27 11:31:35,20250227
107,Feature A,30,30.2,2025-02-06 04:38:34,20250206
107,Feature B,62,308.7,2025-02-03 21:43:22,20250203
107,Feature C,39,137.7,2025-02-18 00:56:03,20250218
108,Feature A,59,83.5,2025-03-12 04:16:13,20250312
108,Feature B,95,385.6,2025-03-20 07:58:21,20250320
108,Feature C,4,12.6,2025-02-07 23:09:57,20250207
109,Feature A,91,292.7,2025-03-24 12:32:04,20250324
109,Feature B,24,48.7,2025-03-10 00:05:47,20250310
109,Feature C,25,92.7,2025-03-03 06:01:27,20250303
110,Feature A,28,80.0,2025-03-25 05:53:10,20250325
110,Feature B,93,98.3,2025-03-12 03:01:36,20250312
110,Feature C,85,394.6,2025-01-13 18:47:40,20250113
111,Feature A,29,114.5,2025-03-08 02:41:56,20250308
111,Feature B,96,318.4,2025-02-03 19:14:00,20250203
111,Feature C,55,270.0,2025-01-03 12:03:48,20250103
112,Feature A,11,25.4,2025-02-19 06:42:34,20250219
112,Feature B,70,181.4,2025-02-03 06:10:24,20250203
112,Feature C,88,160.1,2025-01-10 20:25:57,20250110
113,Feature A,33,99.5,2025-03-21 07:22:46,20250321
113,Feature B,55,166.5,2025-03-29 20:06:39,20250329
113,Feature C,36,148.2,2025-03-03 06:16:17,20250303
114,Feature A,96,124.0,2025-01-02 19:27:13,20250102
114,Feature B,2,6.2,2025-02-01 00:47:28,20250201
114,Feature C,11,39.2,2025-03-08 00:36:59,20250308
115,Feature A,34,42.8,2025-02-15 14:58:12,20250215
115,Feature B,29,105.4,2025-01-16 12:16:01,20250116
115,Feature C,9,40.8,2025-01-13 14:48:57,20250113
116,Feature A,41,58.8,2025-01-16 00:22:43,20250116
116,Feature B,97,299.3,2025-02-10 01:25:08,20250210
116,Feature C,79,86.3,2025-03-23 01:56:04,20250323
117,Feature A,92,228.3,2025-01-12 22:06:42,20250112
117,Feature B,25,36.7,2025-02-18 14:47:34,20250218
117,Feature C,42,113.2,2025-01-16 23:42:31,20250116
118,Feature A,54,56.4,2025-01-18 00:48:59,20250118
118,Feature B,1,2.7,2025-01-18 22:39:22,20250118
118,Feature C,17,20.4,2025-02-08 05:53:50,20250208
119,Feature A,87,122.4,2025-02-26 11:17:06,20250226
119,Feature B,27,28.1,2025-01-27 05:48:55,20250127
119,Feature C,26,68.3,2025-03-17 06:50:21,20250317
120,Feature A,84,168.3,2025-03-24 19:16:31,20250324
120,Feature B,88,276.2,2025-01-07 11:04:03,20250107
120,Feature C,9,16.9,2025-01-04 21:24:03,20250104
121,Feature A,21,72.8,2025-03-21 04:05:02,20250321
121,Feature B,83,128.4,2025-02-11 14:42:27,20250211
121,Feature C,42,45.1,2025-02-14 02:12:04,20250214
122,Feature A,37,138.1,2025-01-06 14:41:14,20250106
122,Feature B,35,132.5,2025-02-04 03:03:48,20250204
122,Feature C,15,70.8,2025-03-26 08:31:34,20250326
123,Feature A,3,13.8,2025-02-26 14:04:45,20250226
123,Feature B,75,252.4,2025-01-03 14:33:10,20250103
123,Feature C,52,85.8,2025-01-31 13:09:43,20250131
124,Feature A,96,332.3,2025-03-31 10:42:13,20250331
124,Feature B,21,90.1,2025-03-08 19:22:35,20250308
124,Feature C,38,150.3,2025-02-12 02:56:49,20250212
125,Feature A,20,53.9,2025-01-30 17:59:10,20250130
125,Feature B,53,143.4,2025-01-10 22:56:34,20250110
125,Feature C,63,296.7,2025-02-28 18:38:42,20250228
126,Feature A,86,319.2,2025-02-14 13:01:48,20250214
126,Feature B,65,92.2,2025-01-19 06:15:43,20250119
126,Feature C,5,21.9,2025-01-01 01:20:14,20250101
127,Feature A,51,144.2,2025-01-08 09:26:15,20250108
127,Feature B,51,225.1,2025-01-25 12:34:16,20250125
127,Feature C,28,74.2,2025-02-15 05:43:08,20250215
128,Feature A,58,149.7,2025-01-05 16:01:03,20250105
128,Feature B,53,93.1,2025-03-01 15:32:22,20250301
128,Feature C,2,5.3,2025-02-12 04:56:48,20250212
129,Feature A,1,4.8,2025-02-09 18:15:05,20250209
129,Feature B,28,87.7,2025-02-12 19:36:39,20250212
129,Feature C,38,99.4,2025-02-19 12:46:05,20250219
130,Feature A,14,29.6,2025-02-01 12:55:53,20250201
130,Feature B,61,236.1,2025-02-02 04:04:51,20250202
130,Feature C,26,50.0,2025-03-14 07:40:26,20250314
131,Feature A,44,202.3,2025-02-16 12:35:16,20250216
131,Feature B,95,274.9,2025-02-01 18:19:12,20250201
131,Feature C,95,158.2,2025-02-03 04:41:47,20250203
132,Feature A,0,0.0,2025-01-18 12:43:31,20250118
132,Feature B,83,344.5,2025-02-08 08:18:03,20250208
132,Feature C,91,253.4,2025-02-22 17:37:52,20250222
133,Feature A,30,130.9,2025-02-08 11:07:00,20250208
133,Feature B,99,349.6,2025-02-16 06:30:07,20250216
133,Feature C,84,239.0,2025-01-14 01:29:35,20250114
134,Feature A,7,25.9,2025-02-13 19:23:27,20250213
134,Feature B,7,24.8,2025-03-15 07:37:24,20250315
134,Feature C,38,99.6,2025-02-26 11:42:29,20250226
135,Feature A,20,58.8,2025-01-08 22:07:49,20250108
135,Feature B,31,57.7,2025-03-05 03:58:17,20250305
135,Feature C,76,96.4,2025-03-13 16:56:20,20250313
136,Feature A,22,83.1,2025-03-06 13:34:28,20250306
136,Feature B,50,207.7,2025-01-16 12:54:53,20250116
136,Feature C,2,3.8,2025-02-14 11:00:47,20250214
137,Feature A,80,330.5,2025-02-06 22:00:28,20250206
137,Feature B,63,240.2,2025-01-31 18:53:32,20250131
137,Feature C,18,28.8,2025-01-26 18:58:13,20250126
138,Feature A,68,165.5,2025-02-18 19:16:56,20250218
138,Feature B,6,19.0,2025-01-03 05:47:45,20250103
138,Feature C,72,288.5,2025-03-13 14:51:38,20250313
139,Feature A,64,122.1,2025-03-11 23:02:58,20250311
139,Feature B,28,130.6,2025-03-17 17:55:37,20250317
139,Feature C,32,89.5,2025-03-05 10:40:45,20250305
140,Feature A,69,274.6,2025-03-27 01:12:01,20250327
140,Feature B,39,41.6,2025-03-02 09:44:01,20250302
140,Feature C,25,36.5,2025-01-14 10:12:54,20250114
141,Feature A,34,67.4,2025-03-16 16:53:52,20250316
141,Feature B,57,181.3,2025-03-24 06:46:41,20250324
141,Feature C,77,91.3,2025-03-13 12:19:54,20250313
142,Feature A,73,127.1,2025-02-24 22:51:08,20250224
142,Feature B,15,67.9,2025-02-04 02:31:55,20250204
142,Feature C,24,94.8,2025-03-10 14:00:05,20250310
143,Feature A,100,315.9,2025-01-17 18:44:44,20250117
143,Feature B,79,218.1,2025-02-03 14:26:24,20250203
143,Feature C,58,218.5,2025-03-01 05:34:11,20250301
144,Feature A,21,65.2,2025-02-10 12:28:07,20250210
144,Feature B,66,66.3,2025-01-30 05:32:40,20250130
144,Feature C,47,61.9,2025-01-26 20:58:21,20250126
145,Feature A,92,266.6,2025-03-19 05:06:15,20250319
145,Feature B,82,234.2,2025-03-12 21:10:26,20250312
145,Feature C,37,88.6,2025-03-10 13:52:41,20250310
146,Feature A,38,148.5,2025-03-06 12:01:43,20250306
146,Feature B,82,190.1,2025-02-20 19:05:44,20250220
146,Feature C,63,188.4,2025-02-11 13:26:36,20250211
147,Feature A,61,297.7,2025-03-11 15:30:38,20250311
147,Feature B,23,62.6,2025-01-18 16:50:54,20250118
147,Feature C,1,4.0,2025-03-31 08:21:47,20250331
148,Feature A,30,39.3,2025-02-15 15:04:11,20250215
148,Feature B,73,116.1,2025-01-03 12:15:35,20250103
148,Feature C,61,231.8,2025-03-15 16:17:02,20250315
149,Feature A,12,49.1,2025-02-27 08:58:22,20250227
149,Feature B,0,0.0,2025-01-30 16:23:49,20250130
149,Feature C,10,11.5,2025-03-18 02:15:14,20250318
150,Feature A,14,30.4,2025-02-12 04:53:11,20250212
150,Feature B,26,27.5,2025-03-05 11:23:11,20250305
150,Feature C,24,96.5,2025-03-15 11:57:39,20250315
151,Feature A,12,24.7,2025-03-25 13:48:43,20250325
151,Feature B,83,265.3,2025-01-17 19:44:57,20250117
151,Feature C,49,236.8,2025-01-11 05:36:58,20250111
152,Feature A,10,47.1,2025-02-21 19:54:25,20250221
152,Feature B,98,338.7,2025-02-15 17:06:47,20250215
152,Feature C,4,8.4,2025-02-01 21:47:11,20250201
153,Feature A,96,383.1,2025-01-12 18:22:41,20250112
153,Feature B,47,98.1,2025-02-26 12:01:24,20250226
153,Feature C,50,107.6,2025-01-19 07:44:27,20250119
154,Feature A,90,102.2,2025-01-11 14:11:33,20250111
154,Feature B,3,13.6,2025-02-21 12:53:13,20250221
154,Feature C,17,80.4,2025-01-08 03:52:15,20250108
155,Feature A,52,178.0,2025-02-28 03:34:27,20250228
155,Feature B,51,246.0,2025-02-03 00:55:15,20250203
155,Feature C,92,136.5,2025-01-17 12:01:43,20250117
156,Feature A,90,109.1,2025-02-11 16:31:21,20250211
156,Feature B,57,276.7,2025-03-29 15:40:19,20250329
156,Feature C,12,54.1,2025-02-07 08:22:23,20250207
157,Feature A,39,188.1,2025-01-22 06:04:42,20250122
157,Feature B,68,290.6,2025-03-22 11:28:39,20250322
157,Feature C,67,165.6,2025-02-02 22:41:29,20250202
158,Feature A,59,194.2,2025-01-18 12:00:26,20250118
158,Feature B,35,62.9,2025-02-12 23:21:08,20250212
158,Feature C,29,138.8,2025-02-10 04:45:02,20250210
159,Feature A,83,179.4,2025-03-02 04:10:54,20250302
159,Feature B,72,265.2,2025-01-22 05:54:56,20250122
159,Feature C,30,91.3,2025-02-24 14:46:25,20250224
160,Feature A,49,52.4,2025-03-03 23:25:40,20250303
160,Feature B,50,239.8,2025-02-24 21:59:53,20250224
160,Feature C,47,100.2,2025-01-19 18:56:47,20250119
161,Feature A,95,195.7,2025-03-14 08:54:55,20250314
161,Feature B,63,221.6,2025-03-13 04:56:07,20250313
161,Feature C,13,13.6,2025-02-21 17:03:12,20250221
162,Feature A,85,124.2,2025-01-14 10:34:54,20250114
162,Feature B,66,102.6,2025-01-07 10:06:14,20250107
162,Feature C,21,71.1,2025-01-31 21:44:04,20250131
163,Feature A,66,318.2,2025-02-17 14:46:49,20250217
163,Feature B,76,337.7,2025-02-09 08:44:51,20250209
163,Feature C,55,147.4,2025-01-31 10:38:56,20250131
164,Feature A,40,45.8,2025-02-16 08:32:11,20250216
164,Feature B,52,237.2,2025-02-11 05:07:08,20250211
164,Feature C,46,67.2,2025-03-22 09:15:35,20250322
165,Feature A,32,83.9,2025-01-27 18:27:34,20250127
165,Feature B,65,295.2,2025-03-08 18:59:30,20250308
165,Feature C,28,82.8,2025-02-17 23:55:50,20250217
166,Feature A,44,165.2,2025-02-21 17:18:24,20250221
166,Feature B,37,79.6,2025-03-02 13:54:42,20250302
166,Feature C,13,47.7,2025-03-25 00:12:44,20250325
167,Feature A,51,100.6,2025-02-28 12:08:45,20250228
167,Feature B,32,80.4,2025-01-23 10:45:59,20250123
167,Feature C,27,111.2,2025-03-04 16:07:57,20250304
168,Feature A,22,40.8,2025-03-13 12:22:31,20250313
168,Feature B,100,349.7,2025-03-13 22:16:04,20250313
168,Feature C,93,234.3,2025-02-15 11:26:25,20250215
169,Feature A,38,87.7,2025-03-10 01:48:37,20250310
169,Feature B,50,198.0,2025-01-30 09:40:00,20250130
169,Feature C,0,0.0,2025-02-27 14:53:46,20250227
170,Feature A,12,23.7,2025-02-28 03:58:33,20250228
170,Feature B,6,6.9,2025-03-17 02:14:59,20250317
170,Feature C,7,12.5,2025-03-24 05:23:17,20250324
171,Feature A,4,13.3,2025-03-15 19:28:25,20250315
171,Feature B,88,335.2,2025-01-21 09:42:35,20250121
171,Feature C,65,323.8,2025-01-15 20:39:33,20250115
172,Feature A,42,93.1,2025-02-21 03:14:39,20250221
172,Feature B,17,30.1,2025-03-15 17:26:57,20250315
172,Feature C,50,86.6,2025-01-09 14:10:52,20250109
173,Feature A,80,166.0,2025-01-01 05:06:26,20250101
173,Feature B,56,237.8,2025-03-01 02:36:44,20250301
173,Feature C,96,217.3,2025-02-22 04:57:35,20250222
174,Feature A,11,45.2,2025-02-28 11:51:46,20250228
174,Feature B,43,211.8,2025-01-17 20:58:30,20250117
174,Feature C,73,335.3,2025-02-23 16:10:15,20250223
175,Feature A,70,222.9,2025-01-03 03:53:43,20250103
175,Feature B,90,264.5,2025-01-15 21:02:38,20250115
175,Feature C,5,9.5,2025-02-24 02:38:49,20250224
176,Feature A,94,440.9,2025-01-06 17:17:07,20250106
176,Feature B,78,248.8,2025-02-27 05:19:04,20250227
176,Feature C,61,222.7,2025-03-13 15:59:01,20250313
177,Feature A,44,193.2,2025-01-23 23:13:59,20250123
177,Feature B,43,55.5,2025-02-15 07:21:34,20250215
177,Feature C,60,108.1,2025-02-08 17:56:41,20250208
178,Feature A,19,23.6,2025-03-31 12:56:32,20250331
178,Feature B,16,47.7,2025-03-11 04:42:50,20250311
178,Feature C,77,192.8,2025-03-21 00:41:33,20250321
179,Feature A,79,101.2,2025-03-08 07:42:10,20250308
179,Feature B,3,6.3,2025-02-10 02:07:54,20250210
179,Feature C,79,157.9,2025-02-10 09:43:42,20250210
180,Feature A,92,265.8,2025-01-27 03:05:40,20250127
180,Feature B,27,131.8,2025-02-14 08:29:57,20250214
180,Feature C,69,246.4,2025-02-22 23:55:48,20250222
181,Feature A,27,113.3,2025-01-31 14:22:56,20250131
181,Feature B,36,50.1,2025-02-10 03:08:32,20250210
181,Feature C,21,46.0,2025-03-21 20:21:19,20250321
182,Feature A,99,448.8,2025-03-20 19:27:00,20250320
182,Feature B,75,202.1,2025-03-26 12:40:09,20250326
182,Feature C,8,32.3,2025-03-05 07:42:09,20250305
183,Feature A,24,42.3,2025-01-05 01:23:25,20250105
183,Feature B,3,11.9,2025-03-11 06:38:52,20250311
183,Feature C,92,387.6,2025-02-25 18:29:02,20250225
184,Feature A,36,74.6,2025-02-12 15:54:49,20250212
184,Feature B,24,66.1,2025-01-11 06:14:49,20250111
184,Feature C,48,228.0,2025-01-13 11:01:18,20250113
185,Feature A,76,357.2,2025-03-12 21:44:36,20250312
185,Feature B,95,105.8,2025-02-19 05:11:19,20250219
185,Feature C,21,38.2,2025-02-08 00:55:43,20250208
186,Feature A,67,173.2,2025-02-15 13:58:02,20250215
186,Feature B,29,45.1,2025-02-11 05:58:10,20250211
186,Feature C,50,165.2,2025-01-23 09:06:06,20250123
187,Feature A,48,204.0,2025-01-15 23:55:34,20250115
187,Feature B,37,179.3,2025-01-15 06:27:04,20250115
187,Feature C,79,110.3,2025-03-10 07:32:39,20250310
188,Feature A,89,424.5,2025-03-17 12:06:24,20250317
188,Feature B,1,3.4,2025-03-19 22:38:24,20250319
188,Feature C,73,315.4,2025-01-17 06:05:51,20250117
189,Feature A,87,175.8,2025-02-20 16:15:39,20250220
189,Feature B,45,103.7,2025-01-31 14:52:51,20250131
189,Feature C,56,205.0,2025-02-12 18:14:35,20250212
190,Feature A,89,272.9,2025-03-29 04:23:55,20250329
190,Feature B,53,101.2,2025-03-03 04:20:43,20250303
190,Feature C,19,57.9,2025-01-30 03:42:06,20250130
191,Feature A,60,134.4,2025-01-09 07:18:33,20250109
191,Feature B,27,41.6,2025-01-03 18:30:49,20250103
191,Feature C,65,143.9,2025-02-10 06:32:55,20250210
192,Feature A,67,118.3,2025-03-02 10:59:48,20250302
192,Feature B,38,155.8,2025-01-27 22:50:21,20250127
192,Feature C,62,131.2,2025-01-18 04:30:57,20250118
193,Feature A,58,226.5,2025-01-10 04:41:04,20250110
193,Feature B,76,141.6,2025-02-15 06:13:24,20250215
193,Feature C,25,92.7,2025-01-22 12:44:15,20250122
194,Feature A,43,214.6,2025-03-15 04:39:21,20250315
194,Feature B,43,178.9,2025-03-27 02:27:47,20250327
194,Feature C,12,23.6,2025-03-05 16:20:22,20250305
195,Feature A,4,13.8,2025-01-20 01:17:04,20250120
195,Feature B,14,62.0,2025-01-03 10:00:59,20250103
195,Feature C,32,43.5,2025-02-23 10:34:19,20250223
196,Feature A,32,75.2,2025-03-20 21:41:56,20250320
196,Feature B,55,195.5,2025-02-19 23:05:17,20250219
196,Feature C,50,143.9,2025-01-08 17:53:38,20250108
197,Feature A,62,304.2,2025-02-11 17:28:55,20250211
197,Feature B,94,218.4,2025-01-28 01:52:37,20250128
197,Feature C,74,354.8,2025-03-17 21:48:57,20250317
198,Feature A,28,136.5,2025-02-19 06:07:53,20250219
198,Feature B,33,73.4,2025-01-28 23:41:21,20250128
198,Feature C,10,40.6,2025-01-11 05:36:09,20250111
199,Feature A,84,91.1,2025-02-25 16:29:35,20250225
199,Feature B,68,150.3,2025-01-27 14:50:04,20250127
199,Feature C,11,16.3,2025-02-20 16:15:38,20250220
200,Feature A,58,219.6,2025-02-01 05:50:15,20250201
200,Feature B,83,123.6,2025-02-06 03:29:18,20250206
200,Feature C,37,87.3,2025-02-10 08:20:20,20250210
201,Feature A,19,92.0,2025-03-09 00:23:28,20250309
201,Feature B,49,143.2,2025-01-21 14:03:19,20250121
201,Feature C,1,3.8,2025-01-12 18:03:17,20250112
202,Feature A,81,392.1,2025-01-31 20:43:24,20250131
202,Feature B,99,372.0,2025-01-03 07:45:03,20250103
202,Feature C,33,116.1,2025-02-09 07:09:06,20250209
203,Feature A,69,70.4,2025-03-27 08:35:48,20250327
203,Feature B,30,116.2,2025-02-19 09:28:18,20250219
203,Feature C,97,329.2,2025-03-16 05:25:36,20250316
204,Feature A,74,103.4,2025-03-08 04:40:12,20250308
204,Feature B,26,38.3,2025-02-11 13:48:15,20250211
204,Feature C,33,108.8,2025-03-22 04:41:16,20250322
205,Feature A,12,15.9,2025-01-08 11:25:05,20250108
205,Feature B,87,393.1,2025-02-17 04:58:29,20250217
205,Feature C,13,56.7,2025-02-17 06:43:51,20250217
206,Feature A,75,363.9,2025-02-10 08:29:27,20250210
206,Feature B,37,51.0,2025-02-11 00:51:33,20250211
206,Feature C,6,11.9,2025-03-27 17:19:04,20250327
207,Feature A,55,138.8,2025-01-26 01:56:35,20250126
207,Feature B,71,197.3,2025-03-13 21:46:35,20250313
207,Feature C,17,65.0,2025-02-13 16:57:47,20250213
208,Feature A,14,33.6,2025-01-08 12:16:28,20250108
208,Feature B,15,40.0,2025-02-02 03:10:54,20250202
208,Feature C,67,189.0,2025-01-28 06:57:29,20250128
209,Feature A,33,63.7,2025-01-20 00:04:46,20250120
209,Feature B,66,274.9,2025-02-25 12:56:18,20250225
209,Feature C,87,360.2,2025-02-08 22:18:45,20250208
210,Feature A,98,319.6,2025-01-14 04:23:33,20250114
210,Feature B,76,147.4,2025-02-11 01:04:36,20250211
210,Feature C,74,351.3,2025-02-03 15:29:43,20250203
211,Feature A,70,193.4,2025-01-24 15:54:52,20250124
211,Feature B,28,101.6,2025-01-21 21:19:25,20250121
211,Feature C,75,114.9,2025-01-17 13:14:25,20250117
212,Feature A,31,141.7,2025-03-04 11:10:08,20250304
212,Feature B,87,365.0,2025-02-22 05:49:48,20250222
212,Feature C,20,52.6,2025-03-24 11:22:40,20250324
213,Feature A,90,181.0,2025-02-10 05:26:25,20250210
213,Feature B,68,242.1,2025-03-21 17:59:08,20250321
213,Feature C,34,150.8,2025-01-30 08:43:25,20250130
214,Feature A,96,200.8,2025-02-11 06:30:21,20250211
214,Feature B,16,39.5,2025-02-22 14:41:34,20250222
214,Feature C,40,184.8,2025-01-24 20:01:10,20250124
215,Feature A,10,14.1,2025-03-26 16:28:01,20250326
215,Feature B,89,187.6,2025-02-14 12:27:35,20250214
215,Feature C,63,282.9,2025-01-24 04:39:21,20250124
216,Feature A,40,168.2,2025-03-26 17:41:03,20250326
216,Feature B,6,27.2,2025-01-18 13:48:15,20250118
216,Feature C,28,113.0,2025-02-01 11:33:23,20250201
217,Feature A,80,192.4,2025-03-20 10:24:28,20250320
217,Feature B,9,36.3,2025-02-20 17:16:11,20250220
217,Feature C,28,95.4,2025-02-15 18:45:09,20250215
218,Feature A,88,248.5,2025-02-15 16:54:45,20250215
218,Feature B,100,455.2,2025-01-11 02:29:51,20250111
218,Feature C,31,142.4,2025-02-10 13:31:11,20250210
219,Feature A,52,202.3,2025-03-26 14:18:44,20250326
219,Feature B,2,5.7,2025-03-14 09:20:24,20250314
219,Feature C,29,122.8,2025-02-09 13:28:36,20250209
220,Feature A,42,145.5,2025-01-16 12:33:53,20250116
220,Feature B,24,84.7,2025-01-15 04:14:07,20250115
220,Feature C,52,123.0,2025-02-04 15:47:05,20250204
221,Feature A,24,76.3,2025-02-15 04:30:49,20250215
221,Feature B,57,220.1,2025-02-20 14:54:14,20250220
221,Feature C,69,268.7,2025-01-18 04:25:26,20250118
222,Feature A,42,175.7,2025-03-05 11:24:42,20250305
222,Feature B,34,54.3,2025-01-03 13:17:26,20250103
222,Feature C,77,136.5,2025-02-18 23:02:24,20250218
223,Feature A,75,105.5,2025-01-25 18:38:17,20250125
223,Feature B,23,48.0,2025-02-01 18:35:55,20250201
223,Feature C,59,270.1,2025-02-06 17:00:50,20250206
224,Feature A,53,113.9,2025-03-19 19:24:44,20250319
224,Feature B,10,18.5,2025-03-20 07:17:03,20250320
224,Feature C,63,299.5,2025-01-20 04:03:31,20250120
225,Feature A,9,15.9,2025-01-23 14:31:19,20250123
225,Feature B,95,392.2,2025-02-08 13:25:58,20250208
225,Feature C,52,70.1,2025-02-28 22:07:22,20250228
226,Feature A,20,56.3,2025-01-01 00:00:08,20250101
226,Feature B,41,93.3,2025-01-26 05:56:27,20250126
226,Feature C,24,94.6,2025-01-16 17:11:45,20250116
227,Feature A,34,43.6,2025-03-04 03:02:54,20250304
227,Feature B,89,129.5,2025-02-03 18:36:10,20250203
227,Feature C,32,117.0,2025-01-20 21:38:33,20250120
228,Feature A,63,252.8,2025-01-17 20:22:40,20250117
228,Feature B,74,163.1,2025-03-30 06:57:43,20250330
228,Feature C,81,352.7,2025-01-21 11:52:09,20250121
229,Feature A,100,238.7,2025-03-21 06:00:00,20250321
229,Feature B,75,139.5,2025-03-13 10:32:03,20250313
229,Feature C,87,337.3,2025-01-28 14:57:20,20250128
230,Feature A,54,262.7,2025-02-22 02:55:35,20250222
230,Feature B,3,13.6,2025-01-30 08:58:24,20250130
230,Feature C,48,214.4,2025-03-25 04:50:37,20250325
231,Feature A,15,46.7,2025-01-03 23:30:49,20250103
231,Feature B,11,29.7,2025-02-16 08:39:33,20250216
231,Feature C,76,176.7,2025-01-25 04:31:14,20250125
232,Feature A,91,196.7,2025-01-19 17:04:30,20250119
232,Feature B,81,337.7,2025-02-12 19:57:10,20250212
232,Feature C,17,65.9,2025-03-14 04:29:11,20250314
233,Feature A,52,162.1,2025-01-22 23:26:54,20250122
233,Feature B,29,120.6,2025-02-13 18:33:38,20250213
233,Feature C,62,121.3,2025-02-01 15:51:05,20250201
234,Feature A,75,114.2,2025-03-16 12:15:16,20250316
234,Feature B,86,413.2,2025-01-16 15:15:38,20250116
234,Feature C,83,91.3,2025-01-13 04:09:43,20250113
235,Feature A,14,22.2,2025-01-05 14:23:03,20250105
235,Feature B,89,411.7,2025-03-16 10:04:33,20250316
235,Feature C,66,177.6,2025-03-08 00:46:03,20250308
236,Feature A,87,123.9,2025-03-26 17:09:49,20250326
236,Feature B,20,47.9,2025-01-16 06:17:58,20250116
236,Feature C,13,45.5,2025-03-24 14:07:48,20250324
237,Feature A,27,126.1,2025-02-13 12:07:40,20250213
237,Feature B,93,327.1,2025-03-18 22:53:52,20250318
237,Feature C,93,128.5,2025-02-04 14:16:33,20250204
238,Feature A,73,352.9,2025-02-14 15:29:53,20250214
238,Feature B,88,211.6,2025-03-30 01:23:18,20250330
238,Feature C,92,421.8,2025-03-22 19:34:28,20250322
239,Feature A,74,363.7,2025-03-25 10:55:02,20250325
239,Feature B,74,256.7,2025-03-11 11:54:08,20250311
239,Feature C,82,219.1,2025-02-14 13:24:50,20250214
240,Feature A,37,68.8,2025-01-11 04:15:08,20250111
240,Feature B,78,290.8,2025-01-28 18:01:06,20250128
240,Feature C,0,0.0,2025-02-03 12:58:18,20250203
241,Feature A,8,13.9,2025-02-01 15:01:28,20250201
241,Feature B,53,231.1,2025-03-07 19:40:19,20250307
241,Feature C,95,462.4,2025-03-28 19:22:06,20250328
242,Feature A,92,440.6,2025-03-14 02:51:56,20250314
242,Feature B,15,28.2,2025-02-09 03:12:40,20250209
242,Feature C,64,202.0,2025-01-30 17:24:10,20250130
243,Feature A,37,65.3,2025-01-27 11:06:38,20250127
243,Feature B,64,216.1,2025-03-23 08:05:51,20250323
243,Feature C,83,269.9,2025-01-17 10:52:04,20250117
244,Feature A,93,205.6,2025-03-03 14:46:48,20250303
244,Feature B,58,215.0,2025-02-09 10:57:34,20250209
244,Feature C,81,242.8,2025-02-07 00:59:50,20250207
245,Feature A,100,348.3,2025-03-25 01:38:03,20250325
245,Feature B,34,57.9,2025-03-04 16:14:08,20250304
245,Feature C,96,100.5,2025-03-20 08:40:44,20250320
246,Feature A,21,42.4,2025-02-26 03:47:20,20250226
246,Feature B,48,70.4,2025-01-17 12:12:24,20250117
246,Feature C,41,166.4,2025-02-09 22:11:34,20250209
247,Feature A,38,65.7,2025-01-29 22:20:15,20250129
247,Feature B,35,113.7,2025-02-23 05:41:15,20250223
247,Feature C,43,140.9,2025-03-07 12:04:58,20250307
248,Feature A,64,185.0,2025-01-01 10:02:02,20250101
248,Feature B,40,139.6,2025-01-31 13:07:52,20250131
248,Feature C,5,5.5,2025-03-06 21:02:10,20250306
249,Feature A,92,199.4,2025-02-23 15:47:41,20250223
249,Feature B,56,66.0,2025-03-17 15:54:45,20250317
249,Feature C,22,69.6,2025-02-25 19:01:49,20250225
250,Feature A,7,11.1,2025-01-11 19:11:41,20250111
250,Feature B,39,173.2,2025-01-28 11:14:48,20250128
250,Feature C,95,106.7,2025-01-06 13:07:30,20250106
251,Feature A,76,207.7,2025-01-07 17:27:47,20250107
251,Feature B,82,157.5,2025-01-07 09:19:44,20250107
251,Feature C,54,213.5,2025-01-17 03:11:22,20250117
252,Feature A,20,86.5,2025-02-15 17:49:12,20250215
252,Feature B,64,304.1,2025-03-31 02:21:07,20250331
252,Feature C,28,126.0,2025-03-26 18:08:59,20250326
253,Feature A,54,140.1,2025-03-15 05:51:33,20250315
253,Feature B,2,8.3,2025-01-17 02:07:16,20250117
253,Feature C,16,47.0,2025-03-12 00:38:32,20250312
254,Feature A,86,353.9,2025-03-08 22:09:02,20250308
254,Feature B,54,104.2,2025-01-16 18:12:10,20250116
254,Feature C,8,24.3,2025-01-21 10:06:24,20250121
255,Feature A,58,272.1,2025-01-19 06:44:33,20250119
255,Feature B,55,218.9,2025-01-03 10:05:10,20250103
255,Feature C,57,174.5,2025-03-03 07:34:09,20250303
256,Feature A,14,40.8,2025-03-05 14:30:53,20250305
256,Feature B,48,113.7,2025-01-19 06:29:40,20250119
256,Feature C,94,332.4,2025-01-01 05:02:34,20250101
257,Feature A,40,153.2,2025-03-07 03:57:19,20250307
257,Feature B,17,48.5,2025-01-21 04:05:00,20250121
257,Feature C,21,66.5,2025-02-20 22:50:29,20250220
258,Feature A,47,157.8,2025-03-14 17:00:27,20250314
258,Feature B,74,170.9,2025-02-14 18:55:33,20250214
258,Feature C,45,224.9,2025-01-23 13:55:23,20250123
259,Feature A,25,83.8,2025-03-30 00:43:13,20250330
259,Feature B,37,140.2,2025-01-14 09:19:04,20250114
259,Feature C,13,20.5,2025-03-28 05:08:29,20250328
260,Feature A,58,209.3,2025-01-22 23:20:28,20250122
260,Feature B,83,228.5,2025-03-02 01:16:29,20250302
260,Feature C,88,321.6,2025-02-13 14:21:01,20250213
261,Feature A,57,95.1,2025-02-01 23:15:42,20250201
261,Feature B,5,13.7,2025-01-01 05:01:52,20250101
261,Feature C,13,33.5,2025-01-25 13:15:59,20250125
262,Feature A,33,97.6,2025-01-25 23:35:18,20250125
262,Feature B,75,235.4,2025-01-27 18:01:54,20250127
262,Feature C,75,147.4,2025-02-09 23:01:47,20250209
263,Feature A,93,120.9,2025-03-06 13:12:32,20250306
263,Feature B,72,156.9,2025-02-18 19:18:10,20250218
263,Feature C,29,66.9,2025-02-22 01:15:09,20250222
264,Feature A,94,391.1,2025-01-18 11:48:43,20250118
264,Feature B,15,32.4,2025-02-03 09:04:15,20250203
264,Feature C,19,27.4,2025-01-25 04:28:08,20250125
265,Feature A,70,261.5,2025-02-24 21:08:50,20250224
265,Feature B,45,90.9,2025-02-22 01:23:35,20250222
265,Feature C,54,240.2,2025-02-03 13:47:49,20250203
266,Feature A,35,82.9,2025-02-12 02:29:45,20250212
266,Feature B,10,33.7,2025-03-27 10:10:34,20250327
266,Feature C,47,74.0,2025-01-16 02:09:55,20250116
267,Feature A,97,358.2,2025-03-27 19:24:22,20250327
267,Feature B,86,165.7,2025-03-15 09:16:34,20250315
267,Feature C,53,255.2,2025-01-07 21:23:35,20250107
268,Feature A,79,228.3,2025-02-14 05:38:57,20250214
268,Feature B,76,318.2,2025-03-04 01:19:32,20250304
268,Feature C,79,188.1,2025-02-16 22:39:39,20250216
269,Feature A,29,40.8,2025-01-19 10:34:19,20250119
269,Feature B,68,268.4,2025-01-08 13:03:35,20250108
269,Feature C,70,91.9,2025-01-20 07:45:19,20250120
270,Feature A,25,37.2,2025-02-23 11:26:24,20250223
270,Feature B,100,456.6,2025-01-13 21:06:34,20250113
270,Feature C,84,410.6,2025-02-21 18:01:00,20250221
271,Feature A,3,8.4,2025-02-11 02:05:55,20250211
271,Feature B,55,131.1,2025-01-08 17:13:11,20250108
271,Feature C,60,276.5,2025-02-14 01:43:43,20250214
272,Feature A,33,134.8,2025-02-16 10:36:24,20250216
272,Feature B,29,109.2,2025-02-26 10:33:04,20250226
272,Feature C,46,177.3,2025-02-20 04:07:51,20250220
273,Feature A,96,222.5,2025-01-01 17:15:32,20250101
273,Feature B,91,448.0,2025-03-30 14:38:16,20250330
273,Feature C,56,71.6,2025-03-20 11:38:27,20250320
274,Feature A,89,240.9,2025-01-31 23:39:24,20250131
274,Feature B,96,132.8,2025-01-31 23:02:31,20250131
274,Feature C,94,333.1,2025-02-05 13:40:49,20250205
275,Feature A,7,13.2,2025-02-11 12:43:07,20250211
275,Feature B,97,396.7,2025-01-10 06:03:39,20250110
275,Feature C,76,93.7,2025-03-17 00:09:39,20250317
276,Feature A,58,192.4,2025-03-09 16:56:22,20250309
276,Feature B,38,114.7,2025-02-18 23:20:04,20250218
276,Feature C,20,68.6,2025-01-30 08:27:36,20250130
277,Feature A,80,190.9,2025-02-06 05:27:40,20250206
277,Feature B,71,73.2,2025-01-02 04:03:03,20250102
277,Feature C,60,85.0,2025-02-16 11:08:31,20250216
278,Feature A,16,17.5,2025-03-13 16:28:59,20250313
278,Feature B,30,127.0,2025-03-15 19:00:36,20250315
278,Feature C,27,39.6,2025-01-28 07:49:47,20250128
279,Feature A,38,113.2,2025-02-27 21:37:31,20250227
279,Feature B,65,171.2,2025-03-17 01:53:28,20250317
279,Feature C,61,184.2,2025-02-05 12:55:55,20250205
280,Feature A,99,342.0,2025-03-29 12:14:22,20250329
280,Feature B,46,51.9,2025-03-01 05:52:40,20250301
280,Feature C,86,267.8,2025-03-31 16:41:22,20250331
281,Feature A,59,77.6,2025-03-25 09:03:32,20250325
281,Feature B,78,315.6,2025-02-11 12:23:41,20250211
281,Feature C,91,286.2,2025-01-28 05:42:57,20250128
282,Feature A,30,136.6,2025-03-17 14:05:55,20250317
282,Feature B,57,188.7,2025-01-15 02:52:46,20250115
282,Feature C,5,17.8,2025-03-21 05:55:15,20250321
283,Feature A,41,151.6,2025-03-30 23:20:44,20250330
283,Feature B,25,86.5,2025-02-16 17:50:35,20250216
283,Feature C,29,130.2,2025-03-11 13:37:16,20250311
284,Feature A,43,61.7,2025-02-18 23:54:25,20250218
284,Feature B,43,67.3,2025-02-25 06:43:16,20250225
284,Feature C,3,11.2,2025-02-28 05:32:28,20250228
285,Feature A,68,185.9,2025-02-25 05:16:58,20250225
285,Feature B,17,80.6,2025-02-01 13:57:32,20250201
285,Feature C,56,159.3,2025-01-02 13:46:50,20250102
286,Feature A,81,397.5,2025-03-19 17:33:04,20250319
286,Feature B,86,243.5,2025-01-19 05:41:16,20250119
286,Feature C,52,180.1,2025-03-22 19:24:33,20250322
287,Feature A,5,20.8,2025-01-19 03:33:46,20250119
287,Feature B,25,86.3,2025-01-12 06:18:04,20250112
287,Feature C,4,9.5,2025-01-29 11:55:55,20250129
288,Feature A,64,315.8,2025-02-03 15:03:26,20250203
288,Feature B,62,209.2,2025-03-10 19:08:31,20250310
288,Feature C,3,10.3,2025-03-16 11:27:55,20250316
289,Feature A,11,34.8,2025-03-24 15:52:29,20250324
289,Feature B,24,84.0,2025-02-19 16:27:00,20250219
289,Feature C,47,186.7,2025-03-26 13:11:30,20250326
290,Feature A,65,241.8,2025-01-23 05:13:06,20250123
290,Feature B,2,3.3,2025-02-14 14:55:32,20250214
290,Feature C,50,101.9,2025-03-31 20:44:48,20250331
291,Feature A,78,242.8,2025-03-12 01:26:34,20250312
291,Feature B,5,22.6,2025-03-05 23:26:08,20250305
291,Feature C,44,182.4,2025-01-27 04:30:12,20250127
292,Feature A,73,336.7,2025-02-23 20:58:59,20250223
292,Feature B,67,185.8,2025-03-10 22:05:13,20250310
292,Feature C,77,294.5,2025-02-14 15:19:48,20250214
293,Feature A,30,136.7,2025-03-13 12:32:06,20250313
293,Feature B,92,388.7,2025-02-09 13:21:59,20250209
293,Feature C,41,195.0,2025-02-23 19:55:02,20250223
294,Feature A,85,179.8,2025-03-02 14:44:41,20250302
294,Feature B,97,476.0,2025-01-25 03:48:54,20250125
294,Feature C,87,418.5,2025-02-22 19:32:27,20250222
295,Feature A,11,34.2,2025-02-09 19:35:36,20250209
295,Feature B,14,60.3,2025-01-28 01:01:36,20250128
295,Feature C,78,368.2,2025-03-26 02:13:09,20250326
296,Feature A,22,24.7,2025-02-07 05:30:26,20250207
296,Feature B,3,9.6,2025-01-30 18:14:39,20250130
296,Feature C,100,245.2,2025-03-05 16:25:10,20250305
297,Feature A,68,157.0,2025-03-20 02:03:01,20250320
297,Feature B,31,51.0,2025-03-16 07:06:19,20250316
297,Feature C,63,305.8,2025-03-19 18:58:42,20250319
298,Feature A,44,58.2,2025-03-13 15:09:23,20250313
298,Feature B,29,118.7,2025-02-06 21:30:35,20250206
298,Feature C,77,354.8,2025-01-22 21:07:34,20250122
299,Feature A,8,28.6,2025-03-01 18:56:01,20250301
299,Feature B,81,385.4,2025-01-31 06:04:52,20250131
299,Feature C,51,161.8,2025-01-25 02:02:09,20250125
300,Feature A,77,374.9,2025-02-24 23:29:47,20250224
300,Feature B,15,33.6,2025-01-10 07:50:33,20250110
300,Feature C,14,18.0,2025-03-21 06:27:21,20250321
